{"stats":{"minecraft:picked_up":{"minecraft:chicken":2,"minecraft:ladder":7,"minecraft:yellow_wool":2,"minecraft:raw_copper":6,"minecraft:moss_carpet":40,"minecraft:cobbled_deepslate":98,"twigs:pebble":7,"minecraft:beef":3,"minecraft:birch_sapling":93,"minecraft:stick":9,"minecraft:raw_iron":1,"minecraft:composter":1,"minecraft:oak_fence":1,"minecraft:porkchop":25,"minecraft:diorite":4,"minecraft:arrow":2,"minecraft:rotten_flesh":8,"minecraft:white_terracotta":2,"minecraft:mutton":10,"minecraft:white_wool":8,"minecraft:cobblestone":59,"minecraft:stripped_oak_log":2,"minecraft:birch_log":370,"minecraft:feather":3,"minecraft:andesite":7,"minecraft:leather":2,"minecraft:potato":6,"minecraft:smoker":2,"herbalbrews:tea_blossom":1,"minecraft:birch_planks":6,"minecraft:oak_log":1388,"minecraft:yellow_bed":2,"minecraft:dirt":9,"minecraft:bone":4,"minecraft:apple":30,"fishofthieves:earthworms":1,"minecraft:fletching_table":5,"twigs:twig":236,"minecraft:oak_planks":51,"minecraft:cooked_porkchop":2,"minecraft:dandelion":2,"minecraft:white_bed":6,"minecraft:barrel":3,"beachparty:rubber_ring_pelican":1,"minecraft:stone_axe":1,"minecraft:granite":4,"minecraft:emerald":49,"minecraft:oak_button":32,"minecraft:oak_sapling":328,"minecraft:coal":29},"minecraft:dropped":{"minecraft:cooked_porkchop":3,"minecraft:book":1,"minecraft:dandelion":1,"minecraft:bone":2,"minecraft:stone_axe":1,"minecraft:cobbled_deepslate":2,"minecraft:yellow_wool":1,"minecraft:rotten_flesh":3,"minecraft:stripped_oak_log":1,"minecraft:chainmail_chestplate":1,"minecraft:potato":6,"minecraft:oak_button":32,"minecraft:wooden_pickaxe":1},"minecraft:broken":{"minecraft:stone_sword":1,"minecraft:stone_pickaxe":2,"minecraft:iron_axe":1,"minecraft:stone_axe":3,"minecraft:wooden_axe":1},"minecraft:mined":{"minecraft:white_bed":6,"minecraft:oak_sapling":33,"minecraft:ladder":7,"minecraft:granite":4,"minecraft:grass_block":5,"minecraft:composter":1,"minecraft:cobbled_deepslate":3,"minecraft:barrel":4,"minecraft:andesite":7,"treechop:chopped_log":83,"minecraft:fletching_table":5,"minecraft:azure_bluet":1,"swampier_swamps:swamp_vine":2,"minecraft:deepslate_iron_ore":1,"minecraft:stone":59,"minecraft:white_wool":1,"minecraft:glass_pane":1,"minecraft:smoker":2,"minecraft:dandelion":1,"minecraft:oak_fence":1,"minecraft:copper_ore":2,"minecraft:cobblestone":3,"minecraft:oak_planks":4,"minecraft:diorite":4,"minecraft:birch_sapling":18,"minecraft:white_terracotta":2,"minecraft:birch_planks":2,"minecraft:birch_log":5,"minecraft:yellow_wool":1,"minecraft:birch_leaves":2,"minecraft:yellow_bed":2,"minecraft:grass":10,"minecraft:oak_log":15,"minecraft:coal_ore":19,"minecraft:dirt":4,"minecraft:oak_leaves":1,"minecraft:deepslate":91},"minecraft:killed":{"minecraft:chicken":2,"minecraft:pig":14,"minecraft:sheep":7,"minecraft:zombie":7,"minecraft:cow":1},"minecraft:crafted":{"minecraft:oak_planks":5232,"minecraft:cooked_mutton":10,"minecraft:iron_boots":11,"minecraft:diamond_leggings":2,"minecraft:iron_axe":1,"minecraft:ladder":135,"minecraft:stone_pickaxe":2,"minecraft:diamond_boots":2,"minecraft:oak_button":32,"minecraft:chainmail_leggings":12,"minecraft:cooked_porkchop":39,"minecraft:emerald":295,"minecraft:diamond_axe":4,"minecraft:crafting_table":4,"minecraft:wooden_pickaxe":1,"minecraft:iron_sword":1,"minecraft:chainmail_chestplate":12,"minecraft:birch_planks":1192,"minecraft:stone_axe":4,"minecraft:air":0,"mcda:champions_armor_boots":1,"minecraft:diamond_pickaxe":1,"minecraft:stick":12977,"minecraft:wooden_axe":1,"minecraft:iron_leggings":1,"minecraft:white_bed":3,"minecraft:torch":8,"minecraft:diamond_chestplate":1},"minecraft:custom":{"minecraft:interact_with_smithing_table":1,"lootr:looted_stat":2,"minecraft:mob_kills":31,"minecraft:interact_with_crafting_table":23,"minecraft:open_barrel":43,"minecraft:bell_ring":7,"minecraft:leave_game":4,"minecraft:time_since_death":180690,"minecraft:climb_one_cm":72968,"minecraft:sprint_one_cm":269180,"minecraft:walk_one_cm":713660,"minecraft:damage_blocked_by_shield":218,"minecraft:drop":19,"minecraft:talked_to_villager":146,"minecraft:play_time":180690,"minecraft:sneak_time":3201,"minecraft:walk_under_water_one_cm":4935,"minecraft:jump":1637,"minecraft:walk_on_water_one_cm":3030,"minecraft:total_world_time":180690,"minecraft:traded_with_villager":341,"minecraft:sleep_in_bed":14,"minecraft:hex":0,"minecraft:time_since_rest":21860,"minecraft:damage_taken":1367,"minecraft:damage_dealt":3762,"minecraft:swim_one_cm":4706,"minecraft:fly_one_cm":210491,"minecraft:open_chest":22,"minecraft:crouch_one_cm":3055,"minecraft:interact_with_smoker":9,"minecraft:fall_one_cm":53566},"minecraft:used":{"minecraft:stone_sword":130,"minecraft:ladder":140,"minecraft:shield":12,"minecraft:white_terracotta":1,"minecraft:iron_sword":2,"minecraft:stick":1,"minecraft:torch":4,"minecraft:wooden_axe":43,"minecraft:iron_axe":206,"minecraft:birch_sapling":93,"minecraft:barrel":3,"minecraft:oak_sapling":344,"minecraft:cobbled_deepslate":15,"minecraft:birch_planks":18,"minecraft:stone_pickaxe":197,"minecraft:oak_planks":10,"minecraft:wooden_pickaxe":4,"minecraft:fletching_table":5,"minecraft:diamond_axe":60,"minecraft:crafting_table":4,"minecraft:white_bed":9,"minecraft:smoker":2,"minecraft:bread":13,"minecraft:stone_axe":502,"minecraft:cobblestone":26,"minecraft:cooked_porkchop":13,"minecraft:birch_log":1,"minecraft:yellow_bed":2,"beachparty:rubber_ring_pelican":1}},"DataVersion":3465}