{"stats":{"minecraft:mined":{"treechop:chopped_log":1},"minecraft:crafted":{"minecraft:oak_planks":24},"minecraft:picked_up":{"minecraft:oak_log":6,"twigs:twig":4,"minecraft:oak_sapling":1,"minecraft:mutton":1,"minecraft:white_wool":1},"minecraft:used":{"minecraft:stone_sword":5},"minecraft:custom":{"minecraft:jump":22,"minecraft:time_since_rest":3260,"minecraft:damage_dealt":174,"minecraft:leave_game":2,"minecraft:play_time":3260,"minecraft:sprint_one_cm":1957,"minecraft:damage_taken":10,"minecraft:time_since_death":3260,"minecraft:walk_one_cm":9188,"minecraft:total_world_time":3260,"minecraft:hex":0,"minecraft:mob_kills":1,"minecraft:fall_one_cm":211,"minecraft:fly_one_cm":1039},"minecraft:killed":{"minecraft:sheep":1}},"DataVersion":3465}