{"stats":{"minecraft:mined":{"minecraft:oak_sapling":1,"minecraft:white_bed":1,"minecraft:glass_pane":1,"minecraft:ladder":7,"minecraft:granite":4,"minecraft:grass_block":5,"minecraft:copper_ore":2,"minecraft:cobblestone":2,"minecraft:diorite":4,"minecraft:white_terracotta":1,"minecraft:cobbled_deepslate":1,"minecraft:barrel":1,"minecraft:andesite":7,"treechop:chopped_log":38,"minecraft:fletching_table":2,"minecraft:grass":4,"minecraft:coal_ore":19,"minecraft:dirt":3,"minecraft:stone":55,"minecraft:oak_leaves":1},"minecraft:crafted":{"minecraft:oak_planks":124,"minecraft:cooked_porkchop":39,"minecraft:crafting_table":4,"minecraft:wooden_pickaxe":1,"minecraft:birch_planks":84,"minecraft:stone_axe":1,"minecraft:cooked_mutton":10,"minecraft:air":0,"minecraft:ladder":135,"minecraft:stick":340,"minecraft:stone_pickaxe":2,"minecraft:wooden_axe":1},"minecraft:picked_up":{"minecraft:birch_log":32,"minecraft:feather":3,"minecraft:chicken":2,"minecraft:ladder":7,"minecraft:andesite":7,"minecraft:leather":2,"minecraft:oak_log":167,"minecraft:dirt":8,"minecraft:raw_copper":6,"minecraft:apple":5,"minecraft:cobbled_deepslate":3,"twigs:pebble":7,"minecraft:beef":3,"fishofthieves:earthworms":1,"minecraft:fletching_table":2,"twigs:twig":46,"minecraft:birch_sapling":13,"minecraft:oak_planks":41,"minecraft:cooked_porkchop":2,"minecraft:porkchop":25,"minecraft:diorite":4,"minecraft:white_bed":1,"minecraft:rotten_flesh":3,"minecraft:granite":4,"minecraft:white_terracotta":1,"minecraft:oak_sapling":66,"minecraft:mutton":10,"minecraft:coal":18,"minecraft:white_wool":7,"minecraft:cobblestone":55},"minecraft:dropped":{"minecraft:cooked_porkchop":3,"minecraft:rotten_flesh":1,"minecraft:book":1,"minecraft:wooden_pickaxe":1},"minecraft:used":{"minecraft:stone_sword":100,"minecraft:stone_pickaxe":94,"minecraft:oak_planks":2,"minecraft:ladder":135,"minecraft:wooden_pickaxe":4,"minecraft:shield":9,"minecraft:fletching_table":2,"minecraft:crafting_table":4,"minecraft:white_bed":1,"minecraft:wooden_axe":43,"minecraft:bread":12,"minecraft:birch_sapling":13,"minecraft:stone_axe":158,"minecraft:cobblestone":18,"minecraft:oak_sapling":66,"minecraft:cooked_porkchop":4,"minecraft:cobbled_deepslate":1},"minecraft:custom":{"lootr:looted_stat":2,"minecraft:mob_kills":26,"minecraft:interact_with_crafting_table":8,"minecraft:open_barrel":3,"minecraft:leave_game":3,"minecraft:time_since_death":60004,"minecraft:sleep_in_bed":3,"minecraft:climb_one_cm":48967,"minecraft:hex":0,"minecraft:time_since_rest":1690,"minecraft:sprint_one_cm":94757,"minecraft:damage_taken":829,"minecraft:walk_one_cm":215062,"minecraft:damage_blocked_by_shield":83,"minecraft:drop":6,"minecraft:damage_dealt":2797,"minecraft:swim_one_cm":4706,"minecraft:talked_to_villager":15,"minecraft:fly_one_cm":80485,"minecraft:open_chest":1,"minecraft:crouch_one_cm":1912,"minecraft:play_time":60004,"minecraft:sneak_time":2623,"minecraft:walk_under_water_one_cm":4935,"minecraft:jump":674,"minecraft:walk_on_water_one_cm":3030,"minecraft:interact_with_smoker":8,"minecraft:total_world_time":60004,"minecraft:fall_one_cm":22314},"minecraft:broken":{"minecraft:stone_pickaxe":1,"minecraft:stone_axe":1,"minecraft:wooden_axe":1},"minecraft:killed":{"minecraft:pig":14,"minecraft:sheep":7,"minecraft:zombie":2,"minecraft:chicken":2,"minecraft:cow":1}},"DataVersion":3465}