{"stats":{"minecraft:mined":{"ae2:chipped_budding_quartz":1,"minecraft:white_bed":6,"minecraft:oak_sapling":33,"minecraft:obsidian":1,"minecraft:ladder":7,"minecraft:granite":4,"minecraft:grass_block":5,"modern_industrialization:lignite_coal_ore":21,"minecraft:soul_campfire":1,"minecraft:composter":1,"minecraft:gilded_blackstone":4,"minecraft:cobbled_deepslate":7,"minecraft:barrel":4,"minecraft:andesite":7,"treechop:chopped_log":109,"minecraft:fletching_table":5,"minecraft:azure_bluet":1,"swampier_swamps:swamp_vine":2,"minecraft:deepslate_iron_ore":1,"regions_unexplored:medium_grass":4,"ae2:sky_stone_block":14,"minecraft:stone":61,"ad_astra:sky_stone":3,"minecraft:green_wool":7,"minecraft:white_wool":13,"minecraft:glass_pane":1,"minecraft:blackstone":1,"minecraft:smoker":3,"minecraft:dandelion":1,"minecraft:oak_fence":5,"minecraft:copper_ore":2,"minecraft:cobblestone":4,"minecraft:grindstone":1,"minecraft:oak_planks":5,"minecraft:diorite":4,"minecraft:birch_sapling":18,"minecraft:white_terracotta":2,"minecraft:birch_planks":2,"minecraft:yellow_wool":1,"minecraft:birch_log":5,"minecraft:birch_leaves":2,"minecraft:light_gray_wool":9,"minecraft:yellow_bed":6,"minecraft:stone_brick_stairs":1,"minecraft:grass":12,"minecraft:oak_log":17,"minecraft:coal_ore":19,"minecraft:dirt":4,"minecraft:cracked_stone_bricks":1,"minecraft:stone_bricks":1,"minecraft:oak_leaves":4,"minecraft:deepslate":91},"minecraft:crafted":{"minecraft:oak_planks":5232,"minecraft:cooked_mutton":10,"minecraft:diamond_leggings":2,"minecraft:iron_boots":11,"minecraft:iron_axe":1,"minecraft:ladder":135,"minecraft:stone_pickaxe":2,"minecraft:diamond_boots":2,"minecraft:oak_button":32,"minecraft:chainmail_leggings":12,"minecraft:emerald":295,"minecraft:cooked_porkchop":39,"minecraft:diamond_axe":4,"minecraft:crafting_table":4,"minecraft:wooden_pickaxe":1,"minecraft:iron_helmet":1,"minecraft:iron_sword":1,"minecraft:chainmail_chestplate":12,"minecraft:birch_planks":1192,"minecraft:stone_axe":4,"minecraft:air":0,"mcda:champions_armor_boots":1,"minecraft:diamond_pickaxe":1,"minecraft:stick":12977,"minecraft:wooden_axe":1,"minecraft:iron_leggings":1,"minecraft:white_bed":3,"minecraft:torch":8,"minecraft:diamond_chestplate":1},"minecraft:picked_up":{"modern_industrialization:lignite_coal":21,"minecraft:chicken":3,"minecraft:ladder":7,"minecraft:yellow_wool":2,"minecraft:gilded_blackstone":2,"minecraft:stone_brick_stairs":1,"ad_astra:sky_stone":2,"minecraft:raw_copper":6,"minecraft:soul_soil":2,"minecraft:moss_carpet":40,"minecraft:cracked_stone_bricks":2,"minecraft:gold_nugget":4,"minecraft:cobbled_deepslate":102,"twigs:pebble":7,"minecraft:beef":3,"regions_unexplored:larch_log":281,"minecraft:light_gray_wool":10,"minecraft:birch_sapling":109,"minecraft:egg":2,"minecraft:stick":17,"minecraft:raw_iron":1,"minecraft:composter":1,"minecraft:oak_fence":5,"minecraft:torch":1,"minecraft:porkchop":25,"minecraft:diorite":4,"ae2:sky_stone_block":14,"minecraft:arrow":2,"minecraft:rotten_flesh":8,"minecraft:green_wool":6,"minecraft:white_terracotta":2,"minecraft:obsidian":1,"minecraft:mutton":23,"minecraft:cobblestone":62,"minecraft:white_wool":27,"regions_unexplored:golden_larch_sapling":17,"minecraft:stripped_oak_log":2,"minecraft:birch_log":395,"minecraft:feather":5,"minecraft:andesite":7,"minecraft:leather":2,"minecraft:red_mushroom":1,"minecraft:smoker":2,"minecraft:potato":6,"herbalbrews:tea_blossom":1,"minecraft:birch_planks":6,"minecraft:oak_log":1480,"minecraft:yellow_bed":6,"minecraft:gunpowder":1,"minecraft:dirt":68,"minecraft:lantern":1,"minecraft:bone":4,"minecraft:apple":33,"minecraft:grindstone":1,"fishofthieves:earthworms":6,"regions_unexplored:larch_sapling":52,"minecraft:fletching_table":5,"twigs:twig":291,"minecraft:oak_planks":52,"minecraft:cooked_porkchop":2,"minecraft:dandelion":3,"minecraft:white_bed":6,"minecraft:barrel":3,"beachparty:rubber_ring_pelican":1,"minecraft:stone_axe":1,"minecraft:granite":4,"minecraft:emerald":49,"minecraft:oak_button":32,"minecraft:oak_sapling":374,"minecraft:black_wool":1,"minecraft:coal":29},"minecraft:dropped":{"minecraft:cooked_porkchop":4,"minecraft:feather":2,"minecraft:book":1,"minecraft:cracked_stone_bricks":1,"minecraft:stick":8,"minecraft:mutton":1,"minecraft:gilded_blackstone":2,"minecraft:gold_nugget":4,"twigs:twig":6,"minecraft:dandelion":2,"minecraft:bone":2,"minecraft:stone_axe":1,"minecraft:soul_soil":1,"minecraft:cobbled_deepslate":2,"minecraft:yellow_wool":1,"minecraft:rotten_flesh":3,"minecraft:stripped_oak_log":1,"minecraft:chainmail_chestplate":1,"minecraft:potato":6,"minecraft:oak_button":32,"minecraft:wooden_pickaxe":1},"minecraft:broken":{"minecraft:stone_sword":1,"minecraft:stone_pickaxe":2,"minecraft:iron_axe":1,"minecraft:stone_axe":3,"minecraft:wooden_axe":1},"minecraft:used":{"minecraft:stone_sword":130,"minecraft:ladder":142,"minecraft:shield":23,"minecraft:white_terracotta":1,"minecraft:iron_sword":2,"minecraft:stick":1,"minecraft:torch":5,"minecraft:dirt":37,"minecraft:wooden_axe":43,"minecraft:lantern":1,"minecraft:iron_axe":206,"minecraft:birch_sapling":109,"minecraft:barrel":3,"minecraft:oak_sapling":391,"minecraft:cobbled_deepslate":151,"minecraft:diamond_boots":3,"minecraft:birch_planks":18,"minecraft:oak_planks":11,"minecraft:stone_pickaxe":197,"minecraft:wooden_pickaxe":4,"minecraft:fletching_table":5,"minecraft:diamond_axe":347,"minecraft:cracked_stone_bricks":1,"minecraft:crafting_table":4,"minecraft:white_bed":9,"minecraft:smoker":2,"minecraft:diamond_pickaxe":57,"minecraft:bread":13,"mcda:champions_armor_boots":5,"minecraft:stone_axe":502,"minecraft:cobblestone":29,"minecraft:cooked_porkchop":26,"minecraft:birch_log":1,"minecraft:yellow_bed":2,"beachparty:rubber_ring_pelican":1},"minecraft:custom":{"minecraft:interact_with_smithing_table":1,"lootr:looted_stat":3,"minecraft:mob_kills":45,"minecraft:interact_with_crafting_table":24,"minecraft:open_barrel":46,"minecraft:bell_ring":8,"minecraft:damage_dealt_resisted":175,"minecraft:leave_game":6,"minecraft:time_since_death":229277,"minecraft:climb_one_cm":75362,"minecraft:damage_resisted":196,"minecraft:sprint_one_cm":427622,"minecraft:walk_one_cm":958263,"minecraft:damage_blocked_by_shield":923,"minecraft:drop":31,"minecraft:talked_to_villager":178,"minecraft:play_time":229277,"minecraft:sneak_time":4026,"minecraft:walk_under_water_one_cm":6520,"minecraft:jump":2580,"minecraft:interact_with_brewingstand":1,"minecraft:walk_on_water_one_cm":3204,"minecraft:total_world_time":229277,"minecraft:traded_with_villager":341,"minecraft:sleep_in_bed":14,"minecraft:hex":0,"minecraft:time_since_rest":70447,"minecraft:damage_taken":2194,"minecraft:damage_dealt":5608,"minecraft:swim_one_cm":6628,"minecraft:fly_one_cm":381213,"minecraft:open_chest":26,"minecraft:crouch_one_cm":5974,"minecraft:interact_with_smoker":9,"minecraft:fall_one_cm":79947},"minecraft:killed":{"naturalist:robin":1,"minecraft:chicken":3,"minecraft:pig":14,"minecraft:sheep":17,"minecraft:zombie":8,"minecraft:cow":1}},"DataVersion":3465}