{"stats":{"minecraft:picked_up":{"minecraft:chicken":2,"minecraft:ladder":7,"minecraft:yellow_wool":2,"minecraft:raw_copper":6,"minecraft:moss_carpet":40,"minecraft:cobbled_deepslate":102,"twigs:pebble":7,"minecraft:beef":3,"minecraft:birch_sapling":109,"minecraft:egg":1,"minecraft:stick":9,"minecraft:raw_iron":1,"minecraft:composter":1,"minecraft:oak_fence":5,"minecraft:torch":1,"minecraft:porkchop":25,"minecraft:diorite":4,"minecraft:arrow":2,"minecraft:rotten_flesh":8,"minecraft:white_terracotta":2,"minecraft:mutton":10,"minecraft:white_wool":8,"minecraft:cobblestone":60,"minecraft:stripped_oak_log":2,"minecraft:birch_log":395,"minecraft:feather":3,"minecraft:andesite":7,"minecraft:leather":2,"minecraft:potato":6,"minecraft:smoker":2,"herbalbrews:tea_blossom":1,"minecraft:birch_planks":6,"minecraft:oak_log":1480,"minecraft:yellow_bed":2,"minecraft:gunpowder":1,"minecraft:dirt":68,"minecraft:bone":4,"minecraft:apple":33,"fishofthieves:earthworms":6,"minecraft:fletching_table":5,"twigs:twig":254,"minecraft:oak_planks":51,"minecraft:cooked_porkchop":2,"minecraft:dandelion":3,"minecraft:white_bed":6,"minecraft:barrel":3,"beachparty:rubber_ring_pelican":1,"minecraft:stone_axe":1,"minecraft:granite":4,"minecraft:emerald":49,"minecraft:oak_button":32,"minecraft:oak_sapling":374,"minecraft:coal":29},"minecraft:dropped":{"minecraft:cooked_porkchop":3,"minecraft:book":1,"minecraft:dandelion":1,"minecraft:bone":2,"minecraft:stone_axe":1,"minecraft:cobbled_deepslate":2,"minecraft:yellow_wool":1,"minecraft:rotten_flesh":3,"minecraft:stripped_oak_log":1,"minecraft:chainmail_chestplate":1,"minecraft:potato":6,"minecraft:oak_button":32,"minecraft:wooden_pickaxe":1},"minecraft:broken":{"minecraft:stone_sword":1,"minecraft:stone_pickaxe":2,"minecraft:iron_axe":1,"minecraft:stone_axe":3,"minecraft:wooden_axe":1},"minecraft:mined":{"minecraft:white_bed":6,"minecraft:oak_sapling":33,"minecraft:ladder":7,"minecraft:granite":4,"minecraft:grass_block":5,"minecraft:composter":1,"minecraft:cobbled_deepslate":7,"minecraft:barrel":4,"minecraft:andesite":7,"treechop:chopped_log":104,"minecraft:fletching_table":5,"minecraft:azure_bluet":1,"swampier_swamps:swamp_vine":2,"minecraft:deepslate_iron_ore":1,"minecraft:stone":59,"minecraft:white_wool":1,"minecraft:glass_pane":1,"minecraft:smoker":2,"minecraft:dandelion":1,"minecraft:oak_fence":5,"minecraft:copper_ore":2,"minecraft:cobblestone":4,"minecraft:oak_planks":4,"minecraft:diorite":4,"minecraft:birch_sapling":18,"minecraft:white_terracotta":2,"minecraft:birch_planks":2,"minecraft:birch_log":5,"minecraft:yellow_wool":1,"minecraft:birch_leaves":2,"minecraft:yellow_bed":2,"minecraft:grass":11,"minecraft:oak_log":17,"minecraft:coal_ore":19,"minecraft:dirt":4,"minecraft:oak_leaves":4,"minecraft:deepslate":91},"minecraft:killed":{"minecraft:chicken":2,"minecraft:pig":14,"minecraft:sheep":7,"minecraft:zombie":7,"minecraft:cow":1},"minecraft:crafted":{"minecraft:oak_planks":5232,"minecraft:cooked_mutton":10,"minecraft:iron_boots":11,"minecraft:diamond_leggings":2,"minecraft:iron_axe":1,"minecraft:ladder":135,"minecraft:stone_pickaxe":2,"minecraft:diamond_boots":2,"minecraft:oak_button":32,"minecraft:chainmail_leggings":12,"minecraft:cooked_porkchop":39,"minecraft:emerald":295,"minecraft:diamond_axe":4,"minecraft:crafting_table":4,"minecraft:wooden_pickaxe":1,"minecraft:iron_helmet":1,"minecraft:iron_sword":1,"minecraft:chainmail_chestplate":12,"minecraft:birch_planks":1192,"minecraft:stone_axe":4,"minecraft:air":0,"mcda:champions_armor_boots":1,"minecraft:diamond_pickaxe":1,"minecraft:stick":12977,"minecraft:wooden_axe":1,"minecraft:iron_leggings":1,"minecraft:white_bed":3,"minecraft:torch":8,"minecraft:diamond_chestplate":1},"minecraft:custom":{"minecraft:interact_with_smithing_table":1,"lootr:looted_stat":2,"minecraft:mob_kills":31,"minecraft:interact_with_crafting_table":24,"minecraft:open_barrel":46,"minecraft:bell_ring":7,"minecraft:damage_dealt_resisted":93,"minecraft:leave_game":4,"minecraft:time_since_death":192690,"minecraft:climb_one_cm":74832,"minecraft:damage_resisted":56,"minecraft:sprint_one_cm":285952,"minecraft:walk_one_cm":782970,"minecraft:damage_blocked_by_shield":923,"minecraft:drop":19,"minecraft:talked_to_villager":146,"minecraft:play_time":192690,"minecraft:sneak_time":3289,"minecraft:walk_under_water_one_cm":4935,"minecraft:jump":1798,"minecraft:walk_on_water_one_cm":3030,"minecraft:total_world_time":192690,"minecraft:traded_with_villager":341,"minecraft:sleep_in_bed":14,"minecraft:hex":0,"minecraft:time_since_rest":33860,"minecraft:damage_taken":1732,"minecraft:damage_dealt":4084,"minecraft:swim_one_cm":4706,"minecraft:fly_one_cm":238721,"minecraft:open_chest":23,"minecraft:crouch_one_cm":3291,"minecraft:interact_with_smoker":9,"minecraft:fall_one_cm":58315},"minecraft:used":{"minecraft:stone_sword":130,"minecraft:ladder":140,"minecraft:shield":23,"minecraft:white_terracotta":1,"minecraft:iron_sword":2,"minecraft:stick":1,"minecraft:torch":4,"minecraft:dirt":4,"minecraft:wooden_axe":43,"minecraft:iron_axe":206,"minecraft:birch_sapling":109,"minecraft:barrel":3,"minecraft:oak_sapling":391,"minecraft:cobbled_deepslate":109,"minecraft:diamond_boots":3,"minecraft:birch_planks":18,"minecraft:stone_pickaxe":197,"minecraft:oak_planks":10,"minecraft:wooden_pickaxe":4,"minecraft:fletching_table":5,"minecraft:diamond_axe":197,"minecraft:crafting_table":4,"minecraft:white_bed":9,"minecraft:smoker":2,"minecraft:diamond_pickaxe":5,"minecraft:bread":13,"mcda:champions_armor_boots":5,"minecraft:stone_axe":502,"minecraft:cobblestone":29,"minecraft:cooked_porkchop":18,"minecraft:birch_log":1,"minecraft:yellow_bed":2,"beachparty:rubber_ring_pelican":1}},"DataVersion":3465}