{"stats":{"minecraft:mined":{"minecraft:dark_oak_planks":7,"minecraft:waxed_cut_copper_slab":2,"minecraft:spruce_planks":2,"minecraft:white_bed":13,"minecraft:oak_sapling":33,"minecraft:black_terracotta":10,"minecraft:obsidian":1,"regions_unexplored:larch_planks":17,"minecraft:granite":4,"minecraft:grass_block":5,"minecraft:light_gray_bed":3,"modern_industrialization:lignite_coal_ore":21,"minecraft:mud_bricks":28,"minecraft:composter":1,"minecraft:oxeye_daisy":1,"minecraft:gilded_blackstone":4,"minecraft:spawner":2,"minecraft:dark_oak_trapdoor":2,"minecraft:cobbled_deepslate":27,"minecraft:barrel":4,"minecraft:fletching_table":5,"minecraft:stripped_dark_oak_wood":1,"minecraft:azure_bluet":1,"minecraft:dark_oak_stairs":1,"minecraft:potted_dandelion":1,"minecraft:oak_stairs":9,"minecraft:potted_cornflower":1,"minecraft:waxed_cut_copper_stairs":1,"minecraft:blackstone":1,"minecraft:smoker":3,"minecraft:torch":1,"minecraft:calcite":12,"minecraft:mud_brick_stairs":2,"minecraft:cobblestone":21,"friendsandfoes:buttercup":1,"minecraft:grindstone":1,"minecraft:oak_planks":17,"minecraft:birch_sapling":18,"minecraft:white_terracotta":2,"minecraft:dark_oak_slab":6,"minecraft:birch_log":5,"minecraft:yellow_wool":1,"minecraft:birch_trapdoor":1,"minecraft:lilac":1,"minecraft:light_gray_wool":9,"minecraft:stone_brick_stairs":1,"ae2:flawed_budding_quartz":1,"minecraft:grass":12,"ae2:quartz_block":1,"minecraft:oak_log":23,"minecraft:dirt":6,"minecraft:oak_leaves":4,"minecraft:deepslate":91,"ae2:chipped_budding_quartz":3,"minecraft:mossy_cobblestone":1,"minecraft:oak_door":2,"minecraft:ladder":8,"minecraft:soul_campfire":1,"minecraft:mangrove_trapdoor":1,"regions_unexplored:larch_door":10,"minecraft:waxed_oxidized_cut_copper":11,"minecraft:packed_mud":5,"ae2:damaged_budding_quartz":1,"minecraft:dark_oak_fence_gate":1,"minecraft:andesite":7,"treechop:chopped_log":109,"regions_unexplored:larch_leaves":1,"ae2:mysterious_cube":1,"minecraft:bell":1,"minecraft:bookshelf":30,"swampier_swamps:swamp_vine":2,"minecraft:deepslate_iron_ore":1,"regions_unexplored:medium_grass":4,"ae2:sky_stone_block":26,"minecraft:stone":67,"ad_astra:sky_stone":3,"minecraft:white_wool":13,"fastpaintings:painting":1,"minecraft:green_wool":7,"minecraft:flowering_azalea":1,"minecraft:glass_pane":2,"minecraft:dandelion":3,"minecraft:oak_fence":10,"minecraft:lectern":2,"minecraft:copper_ore":2,"minecraft:diorite":4,"minecraft:birch_planks":2,"ae2:flawless_budding_quartz":4,"minecraft:cobblestone_wall":1,"techreborn:ruby_ore":1,"minecraft:ice":1,"minecraft:birch_leaves":2,"minecraft:yellow_bed":9,"minecraft:coal_ore":19,"minecraft:gray_carpet":1,"minecraft:cracked_stone_bricks":1,"minecraft:stone_bricks":1},"minecraft:crafted":{"minecraft:oak_planks":6028,"regions_unexplored:larch_planks":1124,"minecraft:diamond_shovel":3,"minecraft:cooked_mutton":10,"minecraft:diamond_helmet":1,"minecraft:iron_boots":11,"minecraft:diamond_leggings":4,"regions_unexplored:larch_door":9,"minecraft:chest":2,"minecraft:oak_button":32,"minecraft:emerald":418,"minecraft:cooked_porkchop":42,"minecraft:diamond_axe":5,"minecraft:crafting_table":5,"minecraft:wooden_pickaxe":1,"minecraft:iron_helmet":1,"minecraft:green_bed":2,"minecraft:chainmail_chestplate":12,"minecraft:birch_planks":1448,"mcda:champions_armor_boots":1,"minecraft:light_gray_bed":3,"minecraft:diamond_pickaxe":1,"minecraft:shield":1,"minecraft:stick":16349,"minecraft:iron_axe":1,"minecraft:ladder":135,"minecraft:stone_pickaxe":2,"minecraft:diamond_boots":3,"minecraft:chainmail_leggings":12,"minecraft:iron_sword":1,"minecraft:bucket":1,"minecraft:stone_axe":4,"minecraft:air":0,"minecraft:golden_apple":23,"minecraft:wooden_axe":1,"minecraft:iron_leggings":1,"minecraft:white_bed":10,"minecraft:torch":8,"minecraft:diamond_chestplate":3},"minecraft:picked_up":{"regions_unexplored:larch_planks":15,"minecraft:yellow_wool":2,"minecraft:oak_stairs":9,"minecraft:potion":2,"minecraft:gilded_blackstone":2,"minecraft:stone_brick_stairs":1,"friendsandfoes:buttercup":1,"minecraft:raw_copper":6,"minecraft:soul_soil":2,"minecraft:waxed_exposed_cut_copper":1,"minecraft:cobbled_deepslate":122,"minecraft:gold_nugget":4,"bosses_of_mass_destruction:soul_star":1,"twigs:pebble":7,"regions_unexplored:larch_log":281,"minecraft:rose_bush":1,"minecraft:ender_eye":1,"minecraft:calcite":9,"ae2:flawed_budding_quartz":4,"minecraft:stick":17,"minecraft:composter":1,"minecraft:birch_trapdoor":1,"minecraft:oak_fence":10,"minecraft:torch":1,"minecraft:porkchop":25,"minecraft:diorite":4,"minecraft:waxed_cut_copper_stairs":3,"ae2:sky_stone_block":26,"minecraft:light_gray_bed":3,"minecraft:rotten_flesh":41,"minecraft:green_wool":6,"minecraft:white_terracotta":2,"minecraft:obsidian":1,"minecraft:cobblestone":78,"regions_unexplored:golden_larch_sapling":17,"minecraft:birch_log":395,"minecraft:feather":5,"minecraft:andesite":7,"minecraft:smoker":2,"minecraft:potato":7,"herbalbrews:tea_blossom":1,"minecraft:warped_trapdoor":3,"ae2:damaged_budding_quartz":2,"minecraft:dirt":71,"minecraft:lantern":1,"minecraft:bone":18,"minecraft:bell":1,"minecraft:grindstone":1,"ae2:logic_processor_press":1,"fishofthieves:earthworms":6,"minecraft:fletching_table":5,"twigs:twig":291,"minecraft:oak_planks":58,"minecraft:black_terracotta":2,"minecraft:cooked_porkchop":2,"regions_unexplored:larch_door":10,"ae2:quartz_block":2,"minecraft:barrel":3,"techreborn:red_garnet_gem":1,"beachparty:rubber_ring_pelican":1,"minecraft:soul_lantern":1,"minecraft:lever":2,"minecraft:granite":4,"minecraft:emerald":49,"minecraft:oak_sapling":374,"modern_industrialization:lignite_coal":21,"minecraft:chicken":3,"minecraft:ladder":8,"ae2:silicon_press":1,"ad_astra:sky_stone":4,"minecraft:moss_carpet":40,"minecraft:cracked_stone_bricks":2,"minecraft:beef":3,"minecraft:player_head":1,"minecraft:light_gray_wool":10,"minecraft:lectern":4,"minecraft:birch_sapling":109,"minecraft:egg":2,"minecraft:raw_iron":1,"minecraft:oak_door":2,"techreborn:ruby_gem":1,"minecraft:dark_oak_planks":8,"minecraft:arrow":23,"ae2:calculation_processor_press":1,"minecraft:mutton":23,"minecraft:white_wool":27,"minecraft:oxeye_daisy":1,"minecraft:stripped_oak_log":2,"minecraft:mud_bricks":21,"minecraft:leather":2,"minecraft:red_mushroom":1,"minecraft:birch_planks":6,"minecraft:packed_mud":1,"minecraft:oak_log":1485,"minecraft:yellow_bed":9,"minecraft:gunpowder":1,"minecraft:white_banner":1,"minecraft:apple":33,"minecraft:gray_carpet":1,"minecraft:iron_ingot":1,"regions_unexplored:larch_sapling":52,"minecraft:dark_oak_stairs":1,"minecraft:book":86,"minecraft:dandelion":5,"simplyswords:gold_warglaive":1,"minecraft:white_bed":13,"minecraft:dark_oak_fence_gate":1,"minecraft:pumpkin_seeds":4,"minecraft:stone_axe":1,"immersive_melodies:didgeridoo":1,"minecraft:diamond_axe":2,"ae2:engineering_processor_press":1,"minecraft:oak_button":32,"minecraft:black_wool":2,"minecraft:coal":29},"minecraft:killed_by":{"minecraft:creeper":1,"minecraft:player":6,"minecraft:skeleton":2},"minecraft:dropped":{"minecraft:dark_oak_stairs":1,"minecraft:diamond_axe":2,"minecraft:cooked_porkchop":4,"minecraft:cracked_stone_bricks":1,"minecraft:red_mushroom":1,"minecraft:netherite_scrap":10,"minecraft:mutton":1,"beachparty:rubber_ring_pelican":1,"minecraft:gilded_blackstone":2,"minecraft:gold_nugget":4,"twigs:twig":6,"minecraft:bone":14,"minecraft:stone_axe":1,"minecraft:waxed_cut_copper_stairs":2,"minecraft:lever":2,"minecraft:cobbled_deepslate":3,"minecraft:yellow_wool":1,"minecraft:obsidian":1,"minecraft:soul_lantern":1,"minecraft:rotten_flesh":3,"minecraft:dark_oak_fence_gate":1,"minecraft:carrot":7,"minecraft:chainmail_chestplate":1,"minecraft:lectern":1,"minecraft:feather":2,"minecraft:cobblestone":1,"minecraft:book":65,"minecraft:apple":6,"minecraft:golden_apple":4,"minecraft:stick":8,"minecraft:warped_trapdoor":3,"minecraft:oxeye_daisy":1,"ad_astra:sky_stone":4,"minecraft:rose_bush":1,"minecraft:dandelion":2,"minecraft:soul_soil":1,"minecraft:player_head":1,"minecraft:stripped_oak_log":1,"minecraft:ender_eye":1,"minecraft:waxed_exposed_cut_copper":1,"minecraft:pumpkin_seeds":4,"minecraft:potato":6,"minecraft:mud_bricks":8,"minecraft:oak_button":32,"fishofthieves:earthworms":5,"minecraft:cake":1,"minecraft:wooden_pickaxe":1,"minecraft:black_wool":2},"minecraft:broken":{"minecraft:stone_pickaxe":2,"minecraft:stone_axe":3,"minecraft:wooden_axe":1,"minecraft:stone_sword":1,"minecraft:diamond_leggings":1,"minecraft:diamond_axe":1,"minecraft:iron_axe":1,"minecraft:iron_helmet":1},"minecraft:used":{"minecraft:ladder":143,"minecraft:chest":2,"minecraft:shield":35,"minecraft:white_terracotta":1,"minecraft:iron_sword":2,"minecraft:bell":1,"simplyswords:diamond_twinblade":37,"minecraft:lantern":1,"minecraft:birch_sapling":109,"minecraft:packed_mud":1,"minecraft:birch_trapdoor":1,"minecraft:oak_sapling":391,"minecraft:diamond_boots":3,"minecraft:oak_planks":77,"minecraft:stone_pickaxe":197,"minecraft:wooden_pickaxe":4,"minecraft:diamond_axe":1026,"minecraft:golden_apple":7,"minecraft:black_terracotta":2,"minecraft:firework_rocket":1,"minecraft:bread":13,"minecraft:lectern":2,"regions_unexplored:larch_door":17,"minecraft:birch_log":1,"minecraft:waxed_cut_copper_stairs":1,"regions_unexplored:larch_sapling":52,"minecraft:stone_sword":130,"minecraft:oak_door":1,"minecraft:stick":1,"minecraft:torch":9,"minecraft:dirt":51,"minecraft:raw_iron_block":12,"minecraft:dark_oak_planks":1,"minecraft:wooden_axe":43,"regions_unexplored:golden_larch_sapling":17,"minecraft:iron_axe":206,"minecraft:oak_stairs":8,"minecraft:mud_bricks":13,"minecraft:barrel":3,"minecraft:light_gray_wool":1,"minecraft:golden_carrot":4,"regions_unexplored:larch_planks":553,"minecraft:cobbled_deepslate":384,"minecraft:light_gray_bed":6,"minecraft:calcite":9,"minecraft:water_bucket":9,"minecraft:birch_planks":18,"minecraft:fletching_table":5,"minecraft:green_bed":2,"minecraft:cracked_stone_bricks":1,"minecraft:tnt":7,"minecraft:crafting_table":5,"minecraft:white_bed":23,"minecraft:cake":1,"minecraft:smoker":2,"minecraft:oak_log":1,"minecraft:diamond_pickaxe":218,"mcda:champions_armor_boots":5,"minecraft:stone_axe":502,"minecraft:cobblestone":44,"minecraft:white_banner":1,"minecraft:cooked_porkchop":40,"minecraft:bucket":10,"minecraft:yellow_bed":9,"minecraft:pumpkin_pie":5,"minecraft:dandelion":1,"beachparty:rubber_ring_pelican":1},"minecraft:custom":{"lootr:looted_stat":48,"minecraft:interact_with_crafting_table":41,"minecraft:open_barrel":109,"minecraft:bell_ring":25,"minecraft:eat_cake_slice":3,"minecraft:leave_game":9,"minecraft:time_since_death":64849,"minecraft:damage_resisted":216,"minecraft:sprint_one_cm":578137,"minecraft:damage_blocked_by_shield":2978,"minecraft:drop":75,"minecraft:talked_to_villager":276,"minecraft:play_time":391060,"minecraft:deaths":9,"minecraft:jump":4213,"minecraft:interact_with_brewingstand":1,"minecraft:walk_on_water_one_cm":9062,"minecraft:traded_with_villager":453,"minecraft:interact_with_loom":3,"minecraft:sleep_in_bed":17,"minecraft:damage_dealt":19061,"minecraft:crouch_one_cm":33372,"minecraft:interact_with_smoker":16,"minecraft:horse_one_cm":103062,"minecraft:interact_with_smithing_table":4,"minecraft:mob_kills":69,"minecraft:damage_dealt_resisted":175,"minecraft:climb_one_cm":84498,"minecraft:walk_one_cm":1620758,"minecraft:sneak_time":11989,"minecraft:walk_under_water_one_cm":9841,"minecraft:interact_with_blast_furnace":3,"minecraft:total_world_time":391060,"minecraft:tune_noteblock":5,"minecraft:hex":0,"minecraft:time_since_rest":33272,"minecraft:damage_taken":7696,"minecraft:damage_absorbed":230,"minecraft:swim_one_cm":8768,"minecraft:fly_one_cm":754704,"minecraft:open_chest":95,"minecraft:fall_one_cm":124570},"minecraft:killed":{"naturalist:robin":1,"minecraft:skeleton":10,"minecraft:chicken":3,"minecraft:pig":14,"minecraft:sheep":17,"minecraft:zombie":9,"minecraft:cow":1,"minecraft:husk":8,"minecraft:wither_skeleton":3}},"DataVersion":3465}