{"stats":{"minecraft:mined":{"farmersdelight:cooking_pot":1,"minecraft:brown_mushroom":2,"regions_unexplored:sandy_tall_grass":1,"twigs:roseate_seashell":1,"minecraft:spruce_fence":1,"farmersdelight:stove":1,"supplementaries:pancake":1},"minecraft:crafted":{"minecraft:diamond_sword":2,"minecraft:diamond_pickaxe":2},"minecraft:picked_up":{"minecraft:prismarine_stairs":1,"beachparty:rubber_ring_axolotl":1,"minecraft:copper_ingot":1,"twigs:roseate_seashell":1,"minecraft:diamond_sword":2,"minecraft:spruce_fence":1,"minecraft:fire_coral":7,"minecraft:horn_coral":7,"minecraft:dead_fire_coral":4,"minecraft:arrow":5,"minecraft:stone_sword":1,"minecraft:bone":6,"minecraft:rotten_flesh":14,"farmersdelight:cooking_pot":1,"minecraft:kelp":2,"minecraft:diamond_leggings":1,"minecraft:crossbow":1,"minecraft:bubble_coral":6,"minecraft:golden_apple":46,"minecraft:player_head":1,"minecraft:prismarine":1,"farmersdelight:stove":1,"minecraft:diamond_pickaxe":1},"minecraft:dropped":{"minecraft:diamond_sword":2,"minecraft:stone_sword":1,"minecraft:diamond_pickaxe":1,"minecraft:prismarine":1,"minecraft:prismarine_stairs":1},"minecraft:used":{"minecraft:diamond_pickaxe":10,"minecraft:bread":4,"minecraft:golden_apple":7,"minecraft:diamond_sword":15},"minecraft:custom":{"minecraft:time_since_rest":20164,"minecraft:walk_one_cm":123370,"lootr:looted_stat":9,"minecraft:sprint_one_cm":26955,"minecraft:damage_taken":1261,"minecraft:damage_absorbed":83,"minecraft:mob_kills":5,"minecraft:drop":6,"minecraft:damage_dealt":640,"minecraft:swim_one_cm":206113,"minecraft:interact_with_crafting_table":1,"minecraft:fly_one_cm":10671,"minecraft:open_barrel":5,"minecraft:open_chest":7,"minecraft:deaths":1,"minecraft:crouch_one_cm":578,"minecraft:play_time":50024,"minecraft:sneak_time":91,"minecraft:bell_ring":10,"minecraft:walk_under_water_one_cm":55690,"minecraft:jump":128,"minecraft:eat_cake_slice":1,"minecraft:interact_with_stonecutter":1,"minecraft:leave_game":2,"minecraft:time_since_death":20083,"minecraft:walk_on_water_one_cm":53163,"minecraft:total_world_time":50024,"minecraft:climb_one_cm":421,"minecraft:damage_resisted":20,"minecraft:hex":0,"minecraft:fall_one_cm":1299},"minecraft:killed":{"minecraft:zombie":1,"minecraft:drowned":4}},"DataVersion":3465}