{"stats":{"minecraft:mined":{"minecraft:dark_oak_planks":9,"minecraft:white_bed":4,"minecraft:black_terracotta":7,"minecraft:obsidian":11,"regions_unexplored:larch_planks":171,"minecraft:granite":15,"minecraft:light_gray_bed":2,"minecraft:spawner":42,"modern_industrialization:tungsten_ore":1,"minecraft:cobbled_deepslate":89,"minecraft:fire":1,"frostiful:cold_sun_lichen":2,"minecraft:pumpkin":9,"minecraft:deepslate_lapis_ore":8,"minecraft:sculk_shrieker":1,"minecraft:dirt_path":48,"minecraft:oak_stairs":135,"powah:uraninite_ore_poor":9,"create:veridium":13,"regions_unexplored:silt_grass_block":2,"techreborn:deepslate_bauxite_ore":4,"ironchests:diamond_chest":1,"soulsweapons:verglas_ore_deepslate":3,"minecraft:torch":2,"minecraft:note_block":4,"things:deepslate_gleaming_ore":1,"minecraft:polished_andesite_stairs":5,"indrev:sulfur_crystal":8,"botania:brown_mushroom":1,"minecraft:white_candle":2,"minecraft:amethyst_block":1,"powah:deepslate_uraninite_ore_poor":3,"modern_industrialization:deepslate_uranium_ore":7,"minecraft:birch_sapling":1,"techreborn:silver_ore":26,"minecraft:tinted_glass":5,"minecraft:light_gray_stained_glass":3,"minecraft:wheat":14,"minecraft:waxed_copper_block":37,"minecraft:grass":14,"archon:earth_node":3,"modern_industrialization:salt_ore":2,"promenade:asphalt":1,"minecraft:deepslate":902,"techreborn:sapphire_ore":5,"create:zinc_ore":47,"powah:deepslate_uraninite_ore":7,"minecraft:mossy_cobblestone":17,"minecraft:cyan_stained_glass":2,"modern_industrialization:bauxite_ore":4,"croptopia:persimmon_crop":5,"minecraft:cobbled_deepslate_slab":9,"minecraft:moss_block":1,"minecraft:redstone_ore":6,"minecraft:waxed_oxidized_cut_copper":2,"minecraft:packed_mud":15,"minecraft:acacia_trapdoor":1,"techreborn:lead_ore":6,"ae2:damaged_budding_quartz":3,"minecraft:andesite":36,"regions_unexplored:larch_leaves":7,"mythicmounts:firebird_feather3":3,"minecraft:potatoes":7,"modern_industrialization:deepslate_monazite_ore":1,"regions_unexplored:ash_vent":2,"ae2:sky_stone_block":42,"fastpaintings:painting":1,"minecraft:ender_chest":3,"minecraft:smithing_table":2,"minecraft:mud_brick_slab":3,"minecraft:glass_pane":2,"techreborn:deepslate_silver_ore":2,"regions_unexplored:volcanic_ash":1,"regions_unexplored:silt_dirt":5,"minecraft:copper_ore":20,"minecraft:deepslate_gold_ore":69,"minecraft:diorite":68,"bewitchment:mandrake":3,"ae2:flawless_budding_quartz":3,"jewelry:deepslate_gem_vein":2,"minecraft:cobblestone_wall":4,"techreborn:ruby_ore":6,"minecraft:birch_leaves":1,"minecraft:zombie_head":2,"minecraft:gravel":41,"minecraft:stone_bricks":1,"minecraft:waxed_exposed_cut_copper":2,"create:deepslate_zinc_ore":8,"minecraft:spruce_planks":1,"minecraft:oak_sapling":5,"minecraft:cobblestone_stairs":3,"minecraft:brewing_stand":1,"minecraft:grass_block":76,"modern_industrialization:deepslate_lead_ore":3,"regions_unexplored:larch_stairs":4,"modern_industrialization:lignite_coal_ore":139,"minecraft:mud_brick_wall":2,"minecraft:mud_bricks":40,"minecraft:gilded_blackstone":167,"minecraft:smooth_stone":17,"minecraft:mossy_cobblestone_slab":1,"minecraft:sculk_catalyst":1,"minecraft:iron_ore":24,"minecraft:anvil":2,"create:asurine":1,"regions_unexplored:larch_log":8,"techreborn:deepslate_galena_ore":10,"minecraft:waxed_cut_copper":3,"minecraft:waxed_cut_copper_stairs":4,"minecraft:deepslate_redstone_ore":16,"modern_industrialization:deepslate_tungsten_ore":7,"lootr:lootr_chest":1,"minecraft:cyan_terracotta":4,"minecraft:blackstone":2,"techreborn:deepslate_tin_ore":1,"minecraft:chest":12,"minecraft:cobblestone":223,"minecraft:slime_block":3,"minecraft:oak_planks":71,"minecraft:wall_torch":2,"minecraft:seagrass":1,"minecraft:dark_oak_slab":1,"minecraft:birch_log":24,"minecraft:light_gray_wool":2,"minecraft:tnt":4,"indrev:lead_ore":1,"croptopia:apricot_crop":9,"minecraft:smooth_stone_slab":2,"ae2:quartz_block":2,"minecraft:oak_log":69,"minecraft:beetroots":1,"minecraft:sand":105,"minecraft:dirt":212,"minecraft:waxed_weathered_cut_copper":1,"regions_unexplored:prismoss_sprout":1,"minecraft:oak_leaves":12,"minecraft:tuff":120,"minecraft:deepslate_diamond_ore":23,"minecraft:oak_door":2,"minecraft:ladder":6,"minecraft:white_stained_glass":4,"minecraft:soul_campfire":1,"minecraft:mangrove_trapdoor":1,"frostiful:hot_sun_lichen":4,"regions_unexplored:large_prismarite_cluster":1,"regions_unexplored:raw_redstone_block":1,"minecraft:large_fern":5,"minecraft:hay_block":42,"regions_unexplored:larch_door":6,"minecraft:furnace":3,"minecraft:carrots":3,"minecraft:raw_gold_block":6,"treechop:chopped_log":36,"indrev:deepslate_nikolite_ore":10,"ae2:mysterious_cube":1,"minecraft:bell":1,"soulsweapons:moonstone_ore_deepslate":9,"minecraft:bookshelf":112,"swampier_swamps:swamp_vine":1,"minecraft:deepslate_iron_ore":73,"bewitchment:salt_ore":1,"minecraft:stone":472,"regions_unexplored:redstone_bulb":1,"minecraft:scaffolding":2,"minecraft:flowering_azalea":1,"winterly:icicle":1,"minecraft:basalt":1,"travelersbackpack:standard":1,"minecraft:oak_fence":13,"minecraft:crafting_table":6,"modern_industrialization:lead_ore":21,"minecraft:lectern":2,"modern_industrialization:nickel_ore":6,"twigs:petrified_lichen":1,"minecraft:sculk":14,"techreborn:tin_ore":45,"supplementaries:urn":26,"minecraft:birch_planks":1,"regions_unexplored:redstone_bud":1,"minecraft:ice":1,"modern_industrialization:antimony_ore":2,"minecraft:yellow_bed":1,"minecraft:coal_ore":215,"minecraft:gray_carpet":1,"minecraft:small_dripleaf":2,"minecraft:polished_andesite":9},"minecraft:crafted":{"minecraft:smooth_stone":3,"minecraft:bookshelf":41,"minecraft:cooked_mutton":27,"minecraft:glass":64,"minecraft:diamond_leggings":3,"minecraft:diamond_helmet":3,"minecraft:iron_door":3,"regions_unexplored:larch_stairs":48,"minecraft:emerald":130,"minecraft:cooked_porkchop":22,"travelersbackpack:standard":4,"ironchests:iron_chest":5,"minecraft:smithing_table":1,"mcda:entertainer_garb_helmet":1,"minecraft:copper_ingot":36,"techreborn:silver_ingot":28,"minecraft:iron_pickaxe":2,"minecraft:iron_block":40,"minecraft:gold_ingot":219,"minecraft:netherite_ingot":8,"travelersbackpack:hay":2,"minecraft:stone_shovel":1,"minecraft:iron_nugget":9,"minecraft:diamond_hoe":8,"comforts:sleeping_bag_white":1,"travelersbackpack:blank_upgrade":4,"travelersbackpack:gold_tier_upgrade":2,"minecraft:diamond":54,"minecraft:polished_diorite":12,"minecraft:ladder":18,"minecraft:stone_pickaxe":17,"minecraft:diamond_boots":3,"ironchests:gold_chest":5,"minecraft:wheat":315,"minecraft:enchanting_table":1,"minecraft:golden_apple":21,"minecraft:oak_stairs":68,"minecraft:white_bed":1,"spell_engine:spell_binding":1,"adventurez:cooked_venison":2,"ironchests:copper_chest":5,"minecraft:oak_planks":2264,"ironchests:iron_chest_upgrade":1,"minecraft:cooked_chicken":2,"regions_unexplored:larch_planks":636,"minecraft:stone":17,"minecraft:iron_boots":1,"minecraft:chest":18,"ironchests:gold_chest_upgrade":1,"travelersbackpack:iron_tier_upgrade":2,"minecraft:cauldron":1,"minecraft:crafting_table":1,"minecraft:wooden_pickaxe":1,"runes:fire_stone":62,"minecraft:gold_block":39,"minecraft:birch_planks":516,"minecraft:book":8,"minecraft:iron_chestplate":1,"minecraft:paper":15,"minecraft:diamond_pickaxe":1,"minecraft:shield":1,"minecraft:stick":3340,"minecraft:iron_ingot":180,"jewelry:sapphire_necklace":1,"minecraft:shears":1,"regions_unexplored:larch_button":2,"minecraft:cobbled_deepslate_slab":12,"minecraft:raw_iron":72,"minecraft:furnace":3,"minecraft:blast_furnace":1,"minecraft:diamond_block":37,"minecraft:glass_pane":16,"ironchests:blank_chest_upgrade":7,"mcdw:pick_diamond_pickaxe_var":1,"travelersbackpack:diamond_tier_upgrade":1,"minecraft:cooked_beef":16,"ironchests:copper_chest_upgrade":1,"travelersbackpack:backpack_tank":2,"minecraft:bucket":2,"ironchests:diamond_chest":5,"minecraft:stone_axe":6,"mcdw:sword_katana":2,"minecraft:bread":111,"minecraft:air":0,"minecraft:raw_gold":27,"minecraft:stonecutter":1,"minecraft:anvil":1,"regions_unexplored:larch_slab":6,"minecraft:torch":44,"create:zinc_ingot":55,"mcdw:sword_masters_katana":3,"minecraft:diamond_chestplate":4},"minecraft:picked_up":{"minecraft:flower_pot":1,"regions_unexplored:larch_planks":182,"minecraft:anvil":2,"minecraft:diamond_sword":1,"minecraft:smithing_table":2,"minecraft:lead":1,"ironchests:diamond_chest":1,"regions_unexplored:silt_dirt":7,"minecraft:oak_stairs":133,"minecraft:brewing_stand":1,"minecraft:amethyst_block":1,"minecraft:string":40,"minecraft:dark_oak_trapdoor":1,"minecraft:soul_soil":1,"minecraft:beetroot":1,"minecraft:gold_nugget":64,"minecraft:cobbled_deepslate":994,"bosses_of_mass_destruction:soul_star":9,"minecraft:spruce_planks":2,"minecraft:waxed_exposed_cut_copper":4,"modern_industrialization:raw_uranium":7,"regions_unexplored:larch_log":521,"minecraft:written_book":1,"minecraft:dark_oak_door":3,"regions_unexplored:raw_redstone_block":1,"minecraft:waxed_cut_copper_stairs":6,"minecraft:light_gray_bed":2,"croptopia:persimmon":14,"minecraft:cyan_terracotta":3,"minecraft:glowstone":1,"minecraft:waxed_cut_copper":3,"supplementaries:ash":24,"minecraft:birch_log":278,"minecraft:smoker":1,"minecraft:flint":10,"spellbladenext:fire_blade":2,"jewelry:sapphire":2,"fishofthieves:earthworms":104,"modern_industrialization:bauxite_dust":4,"minecraft:moss_block":4,"fishofthieves:pondie":3,"archon:earth_gem":3,"minecraft:barrel":1,"minecraft:polished_andesite":9,"minecraft:white_candle":8,"minecraft:granite":15,"spellbladenext:frost_blade":3,"minecraft:bread":1,"modern_industrialization:salt_dust":1,"botania:brown_mushroom":1,"minecraft:diamond_pickaxe":1,"modern_industrialization:lignite_coal":135,"minecraft:crafting_table":6,"travelersbackpack:hay":1,"minecraft:leather_leggings":2,"friendsandfoes:totem_of_illusion":2,"ae2:silicon_press":1,"minecraft:netherite_scrap":10,"minecraft:glass_pane":7,"minecraft:beef":13,"minecraft:poppy":4,"minecraft:spruce_slab":6,"minecraft:chest":12,"minecraft:birch_sapling":28,"spellbladenext:arcane_blade":5,"minecraft:raw_gold_block":6,"minecraft:oak_door":2,"minecraft:glow_item_frame":12,"techreborn:ruby_gem":7,"minecraft:cake":1,"minecraft:carrot":13,"minecraft:redstone":100,"minecraft:blue_carpet":6,"minecraft:tnt":4,"minecraft:diamond_chestplate":2,"minecraft:beetroot_seeds":2,"minecraft:peony":2,"minecraft:hay_block":42,"minecraft:mutton":15,"minecraft:white_wool":9,"minecraft:mud_bricks":65,"croptopia:glowing_calamari":3,"minecraft:red_mushroom":2,"minecraft:packed_mud":22,"immersive_melodies:bagpipe":1,"minecraft:oak_log":915,"bewitchment:aconite_seeds":4,"minecraft:white_banner":1,"minecraft:apple":21,"regions_unexplored:larch_sapling":137,"techreborn:deepslate_bauxite_ore":12,"minecraft:glass_bottle":3,"minecraft:iron_sword":1,"minecraft:flowering_azalea":1,"minecraft:dark_oak_stairs":2,"minecraft:polished_andesite_stairs":1,"minecraft:dark_oak_slab":2,"modern_industrialization:raw_tungsten":8,"minecraft:gravel":38,"minecraft:birch_stairs":1,"powah:uraninite_raw":26,"modern_industrialization:monazite_dust":1,"travelersbackpack:standard":1,"winterly:icicle":1,"minecraft:diamond_shovel":1,"minecraft:stone_axe":1,"minecraft:slime_ball":12,"modern_industrialization:raw_nickel":6,"minecraft:diamond_axe":3,"minecraft:painting":2,"minecraft:ender_pearl":1,"techreborn:deepslate_galena_ore":26,"techreborn:raw_tin":46,"minecraft:wheat":14,"soulsweapons:moonstone":9,"minecraft:potion":1,"minecraft:gilded_blackstone":148,"minecraft:waxed_cut_copper_slab":3,"minecraft:raw_copper":68,"minecraft:smooth_stone_slab":1,"minecraft:armor_stand":1,"minecraft:zombie_head":2,"minecraft:sea_pickle":3,"minecraft:smooth_stone":17,"twigs:pebble":32,"minecraft:rose_bush":1,"minecraft:calcite":1,"minecraft:ender_eye":8,"ae2:flawed_budding_quartz":3,"minecraft:furnace":4,"minecraft:stick":37,"minecraft:oak_fence":19,"minecraft:torch":32,"minecraft:porkchop":39,"minecraft:diorite":68,"mcda:entertainer_garb_helmet":1,"ae2:sky_stone_block":42,"mutantmonsters:hulk_hammer":1,"minecraft:rotten_flesh":242,"create:asurine":1,"bewitchment:mandrake_root":3,"immersive_melodies:flute":1,"minecraft:obsidian":35,"adventurez:orc_skin":3,"minecraft:cobblestone":685,"regions_unexplored:golden_larch_sapling":4,"minecraft:orange_carpet":1,"minecraft:andesite":34,"minecraft:mud_brick_stairs":1,"minecraft:potato":31,"minecraft:tuff":116,"create:raw_zinc":55,"minecraft:warped_trapdoor":4,"minecraft:lapis_lazuli":51,"ae2:damaged_budding_quartz":1,"minecraft:dirt":411,"minecraft:bone":154,"minecraft:bow":3,"minecraft:wheat_seeds":44,"minecraft:raw_gold":68,"adventurez:raw_venison":2,"minecraft:cobbled_deepslate_slab":10,"minecraft:bell":1,"ae2:logic_processor_press":1,"twigs:twig":276,"minecraft:oak_planks":74,"regions_unexplored:larch_stairs":4,"minecraft:black_terracotta":11,"minecraft:cooked_porkchop":3,"techreborn:raw_lead":6,"minecraft:poisonous_potato":1,"regions_unexplored:larch_door":8,"minecraft:sand":105,"minecraft:lily_of_the_valley":2,"minecraft:diamond_block":2,"minecraft:mossy_cobblestone":16,"minecraft:grass_block":1,"techreborn:red_garnet_gem":2,"techreborn:sapphire_gem":8,"ae2:quartz_block":5,"indrev:sulfur_crystal":16,"techreborn:peridot_gem":4,"minecraft:dark_prismarine_slab":1,"minecraft:yellow_carpet":1,"minecraft:diamond":23,"artifacts:golden_hook":1,"minecraft:slime_block":4,"minecraft:golden_apple":7,"frostiful:wolf_fur_tuft":1,"soulsweapons:verglas":3,"minecraft:emerald":6,"minecraft:oak_sapling":182,"indrev:nikolite_dust":47,"minecraft:mud_brick_slab":6,"minecraft:charcoal":2,"minecraft:waxed_oxidized_cut_copper":5,"things:gleaming_powder":1,"minecraft:chicken":2,"minecraft:ladder":14,"minecraft:turtle_helmet":1,"minecraft:brown_mushroom":1,"minecraft:cooked_rabbit":2,"ad_astra:sky_stone":1,"immersive_armors:warrior_boots":1,"minecraft:moss_carpet":32,"immersive_melodies:lute":1,"minecraft:item_frame":9,"minecraft:blackstone":3,"graveyard:corruption":10,"techreborn:raw_silver":28,"minecraft:player_head":3,"minecraft:tinted_glass":24,"minecraft:lectern":3,"minecraft:light_gray_wool":3,"minecraft:spruce_trapdoor":2,"minecraft:raw_iron":101,"regions_unexplored:ash_vent":2,"promenade:asphalt":1,"minecraft:note_block":2,"regions_unexplored:volcanic_ash":1,"minecraft:dark_oak_planks":12,"bewitchment:garlic":3,"minecraft:arrow":97,"regions_unexplored:redstone_bulb":1,"minecraft:stripped_dark_oak_wood":5,"minecraft:saddle":2,"ae2:calculation_processor_press":1,"minecraft:skeleton_skull":5,"modern_industrialization:raw_antimony":1,"minecraft:basalt":1,"minecraft:glow_ink_sac":7,"minecraft:salmon":1,"minecraft:leather":14,"minecraft:birch_planks":1,"fishofthieves:grubs":4,"minecraft:waxed_copper_block":34,"minecraft:yellow_bed":1,"mythicmounts:firebird_feather3":10,"minecraft:gunpowder":23,"minecraft:cobblestone_wall":7,"minecraft:cobblestone_stairs":3,"naturalist:glow_goop":1,"minecraft:red_carpet":34,"minecraft:waxed_weathered_cut_copper":2,"regions_unexplored:large_prismarite_cluster":1,"minecraft:gray_carpet":49,"minecraft:acacia_trapdoor":2,"bewitchment:mandrake_seeds":6,"minecraft:iron_ingot":10,"artifacts:whoopee_cushion":1,"minecraft:book":408,"croptopia:apricot":17,"minecraft:pumpkin":9,"minecraft:dandelion":3,"bewitchment:belladonna_seeds":1,"bewitchment:salt":2,"minecraft:mud_brick_wall":1,"minecraft:white_bed":4,"minecraft:spider_eye":4,"minecraft:pumpkin_seeds":1,"ae2:engineering_processor_press":1,"modern_industrialization:raw_lead":21,"minecraft:coal":234},"minecraft:killed_by":{"minecraft:zombie":4,"spellbladenext:magister":1,"minecraft:wither_skeleton":1,"minecraft:skeleton":10},"minecraft:dropped":{"minecraft:mud_brick_slab":3,"minecraft:glass_bottle":5,"minecraft:glow_item_frame":4,"graveyard:corruption":1,"techreborn:deepslate_galena_ore":16,"minecraft:red_carpet":9,"minecraft:red_mushroom":2,"minecraft:item_frame":6,"bewitchment:aconite_seeds":4,"immersive_armors:warrior_boots":1,"twigs:pebble":10,"minecraft:dirt":9,"minecraft:packed_mud":16,"modern_industrialization:raw_nickel":6,"techreborn:raw_tin":1,"regions_unexplored:large_prismarite_cluster":1,"minecraft:stripped_dark_oak_wood":5,"beachparty:rubber_ring_pelican":1,"minecraft:dark_oak_planks":8,"winterly:icicle":1,"minecraft:birch_stairs":1,"bewitchment:belladonna_seeds":1,"regions_unexplored:redstone_bulb":1,"minecraft:bone":23,"minecraft:waxed_cut_copper_slab":2,"minecraft:oak_door":1,"minecraft:dark_oak_door":3,"minecraft:note_block":2,"minecraft:stone_axe":2,"minecraft:waxed_cut_copper_stairs":5,"bewitchment:salt":2,"minecraft:cobbled_deepslate":7,"minecraft:tinted_glass":24,"minecraft:wheat":2,"soulsweapons:moonstone":1,"minecraft:rotten_flesh":92,"minecraft:oak_planks":41,"simplyswords:diamond_twinblade":1,"create:asurine":1,"mcda:entertainer_garb_helmet":1,"bosses_of_mass_destruction:soul_star":2,"minecraft:ladder":8,"minecraft:leather_leggings":2,"minecraft:painting":2,"modern_industrialization:raw_antimony":1,"minecraft:spruce_slab":4,"minecraft:lectern":2,"minecraft:wheat_seeds":7,"minecraft:oak_fence":19,"minecraft:dark_prismarine_slab":1,"minecraft:cobblestone":5,"minecraft:book":8,"artifacts:whoopee_cushion":1,"techreborn:deepslate_bauxite_ore":8,"minecraft:granite":3,"modern_industrialization:monazite_dust":1,"minecraft:yellow_carpet":1,"minecraft:coal":31,"minecraft:polished_andesite":1,"ad_astra:sky_stone":1,"minecraft:rose_bush":1,"minecraft:diamond_helmet":1,"minecraft:potion":1,"minecraft:chainmail_leggings":11,"minecraft:string":32,"minecraft:blue_carpet":6,"minecraft:gray_carpet":36,"minecraft:furnace":2,"minecraft:moss_carpet":16,"regions_unexplored:larch_log":10,"minecraft:player_head":1,"minecraft:stone_sword":1,"minecraft:cobblestone_wall":7,"minecraft:diamond_hoe":1,"minecraft:stone_shovel":1,"minecraft:chicken":1,"minecraft:iron_boots":5,"minecraft:slime_block":2,"minecraft:pumpkin_seeds":1,"minecraft:lily_of_the_valley":2,"minecraft:diamond_sword":1,"minecraft:potato":2,"minecraft:waxed_cut_copper":3,"minecraft:peony":2,"minecraft:spruce_trapdoor":2,"minecraft:spruce_planks":2,"minecraft:diamond_pickaxe":1,"minecraft:spider_eye":3,"minecraft:bow":1,"regions_unexplored:silt_dirt":7,"minecraft:cooked_rabbit":1,"minecraft:moss_block":3,"minecraft:dark_oak_stairs":2,"minecraft:diamond_axe":3,"modern_industrialization:bauxite_dust":4,"minecraft:oak_log":6,"regions_unexplored:larch_planks":11,"fishofthieves:pondie":3,"minecraft:leather":2,"minecraft:cobblestone_stairs":1,"minecraft:cyan_terracotta":1,"minecraft:orange_carpet":1,"minecraft:birch_log":11,"modern_industrialization:salt_dust":1,"twigs:twig":3,"minecraft:armor_stand":1,"minecraft:gravel":7,"regions_unexplored:raw_redstone_block":1,"minecraft:blackstone":3,"minecraft:black_terracotta":10,"minecraft:white_candle":4,"botania:brown_mushroom":1,"minecraft:carrot":1,"minecraft:poppy":2,"supplementaries:ash":18,"minecraft:gunpowder":3,"minecraft:skeleton_skull":1,"minecraft:beetroot_seeds":2,"minecraft:chest":1,"modern_industrialization:lignite_coal":7,"minecraft:arrow":14,"regions_unexplored:larch_door":2,"minecraft:mossy_cobblestone":3,"minecraft:acacia_trapdoor":2,"minecraft:stick":26,"minecraft:mud_brick_wall":1,"minecraft:diorite":17,"minecraft:torch":5,"minecraft:mud_brick_stairs":1,"minecraft:zombie_head":2,"minecraft:iron_leggings":3,"minecraft:flowering_azalea":1,"minecraft:dandelion":1,"techreborn:red_garnet_gem":2,"minecraft:raw_copper":11,"simplyswords:gold_warglaive":2,"minecraft:tuff":12,"minecraft:waxed_exposed_cut_copper":4,"minecraft:glass_pane":7,"minecraft:mud_bricks":43,"fishofthieves:earthworms":6,"minecraft:diamond_chestplate":3,"minecraft:andesite":7,"minecraft:waxed_weathered_cut_copper":2,"minecraft:oak_sapling":1,"minecraft:waxed_oxidized_cut_copper":5,"minecraft:golden_sword":1,"minecraft:wooden_pickaxe":1,"minecraft:calcite":1},"minecraft:broken":{"minecraft:diamond_helmet":2,"minecraft:iron_boots":2,"minecraft:iron_chestplate":1,"minecraft:diamond_leggings":3,"minecraft:iron_pickaxe":2,"minecraft:iron_helmet":1,"mcdw:sword_masters_katana":1,"minecraft:stone_pickaxe":7,"minecraft:diamond_boots":3,"minecraft:diamond_chestplate":2,"simplyswords:iron_longsword":1,"mcdw:pick_diamond_pickaxe_var":1},"minecraft:custom":{"minecraft:interact_with_crafting_table":117,"minecraft:open_barrel":291,"minecraft:bell_ring":2,"minecraft:eat_cake_slice":3,"minecraft:leave_game":17,"minecraft:time_since_death":22948,"minecraft:damage_blocked_by_shield":2283,"minecraft:play_time":844963,"minecraft:deaths":20,"minecraft:jump":7251,"minecraft:interact_with_furnace":44,"minecraft:traded_with_villager":127,"minecraft:interact_with_cartography_table":2,"minecraft:sleep_in_bed":9,"minecraft:damage_dealt":107065,"minecraft:interact_with_smoker":25,"minecraft:use_cauldron":2,"minecraft:inspect_dispenser":1,"minecraft:horse_one_cm":218814,"minecraft:interact_with_smithing_table":14,"minecraft:interact_with_anvil":11,"minecraft:sneak_time":113810,"minecraft:interact_with_blast_furnace":39,"minecraft:total_world_time":844963,"minecraft:tune_noteblock":2,"minecraft:interact_with_stonecutter":1,"minecraft:time_since_rest":22974,"minecraft:swim_one_cm":60771,"minecraft:fly_one_cm":1227525,"minecraft:open_chest":323,"minecraft:fall_one_cm":246955,"lootr:looted_stat":180,"minecraft:damage_resisted":260,"minecraft:sprint_one_cm":1215549,"minecraft:drop":340,"minecraft:play_noteblock":4,"minecraft:talked_to_villager":164,"minecraft:interact_with_brewingstand":3,"minecraft:walk_on_water_one_cm":88518,"minecraft:interact_with_loom":1,"minecraft:open_enderchest":2,"minecraft:player_kills":10,"minecraft:crouch_one_cm":383209,"minecraft:mob_kills":718,"minecraft:damage_dealt_resisted":25770,"minecraft:climb_one_cm":81609,"minecraft:walk_one_cm":2158333,"minecraft:walk_under_water_one_cm":96533,"minecraft:pot_flower":1,"minecraft:hex":0,"minecraft:damage_absorbed":2589,"minecraft:damage_taken":27301,"minecraft:threat":24},"minecraft:used":{"minecraft:spruce_slab":2,"minecraft:ladder":21,"minecraft:chest":19,"mythicmounts:firebird_feather3":3,"friendsandfoes:totem_of_illusion":2,"minecraft:birch_sapling":25,"minecraft:dark_oak_slab":2,"simplyswords:iron_longsword":213,"minecraft:bow":5,"minecraft:furnace":4,"minecraft:oak_sapling":150,"simplyswords:soulpyre":19,"regions_unexplored:volcanic_ash":1,"minecraft:diorite":15,"minecraft:wooden_pickaxe":8,"minecraft:golden_apple":95,"minecraft:dark_oak_trapdoor":1,"minecraft:blast_furnace":1,"mcdw:sword_masters_katana":1093,"regions_unexplored:larch_stairs":52,"minecraft:lectern":1,"minecraft:smithing_table":3,"minecraft:enchanting_table":1,"minecraft:stone_sword":130,"minecraft:torch":73,"minecraft:brewing_stand":1,"minecraft:anvil":2,"techreborn:deepslate_galena_ore":2,"minecraft:iron_block":4,"minecraft:mud_bricks":14,"minecraft:barrel":2,"minecraft:glowstone":1,"minecraft:cobbled_deepslate":428,"minecraft:wheat_seeds":24,"minecraft:water_bucket":6,"minecraft:cauldron":1,"minecraft:mossy_cobblestone":1,"minecraft:tnt":2,"minecraft:crafting_table":7,"minecraft:white_bed":5,"minecraft:cake":3,"minecraft:oak_log":5,"minecraft:diamond_pickaxe":507,"minecraft:diamond_shovel":421,"ironchests:copper_chest_upgrade":1,"minecraft:iron_pickaxe":400,"simplyswords:livyatan":2007,"minecraft:cobblestone":579,"minecraft:potion":3,"travelersbackpack:standard":4,"minecraft:cooked_porkchop":25,"minecraft:glass_pane":9,"minecraft:dandelion":1,"minecraft:diamond_hoe":2,"minecraft:shield":37,"ironchests:iron_chest_upgrade":1,"minecraft:iron_sword":194,"minecraft:bell":1,"simplyswords:gold_warglaive":2,"minecraft:white_candle":4,"travelersbackpack:hay":45,"minecraft:carrot":1,"minecraft:tuff":5,"minecraft:cyan_terracotta":2,"minecraft:lantern":4,"minecraft:packed_mud":1,"regions_unexplored:ash_vent":2,"minecraft:item_frame":2,"minecraft:red_carpet":8,"minecraft:written_book":1,"minecraft:skeleton_skull":1,"adventurez:cooked_venison":2,"minecraft:gray_carpet":5,"minecraft:stone_pickaxe":892,"regions_unexplored:larch_button":2,"minecraft:oak_planks":571,"spell_engine:spell_binding":1,"minecraft:diamond_axe":1190,"minecraft:crossbow":4,"minecraft:lingering_potion":1,"regions_unexplored:larch_slab":6,"minecraft:shears":1,"minecraft:black_terracotta":1,"minecraft:firework_rocket":5,"minecraft:bread":84,"minecraft:iron_door":1,"minecraft:gravel":20,"regions_unexplored:larch_door":7,"minecraft:cooked_rabbit":1,"minecraft:andesite":27,"minecraft:smooth_stone_slab":1,"minecraft:experience_bottle":6,"minecraft:flint_and_steel":2,"mcdw:pick_diamond_pickaxe_var":1561,"minecraft:stone_shovel":37,"bewitchment:mandrake_seeds":5,"minecraft:cooked_chicken":2,"promenade:asphalt":1,"minecraft:dirt":25,"minecraft:granite":12,"minecraft:dark_oak_planks":2,"minecraft:bookshelf":41,"minecraft:oak_stairs":245,"minecraft:light_gray_wool":2,"minecraft:golden_carrot":16,"regions_unexplored:larch_planks":510,"minecraft:cooked_beef":16,"ironchests:diamond_chest":6,"minecraft:pumpkin":6,"minecraft:light_gray_bed":2,"minecraft:cooked_mutton":22,"minecraft:cobblestone_stairs":2,"minecraft:glass_bottle":1,"minecraft:polished_andesite":8,"ironchests:gold_chest_upgrade":1,"minecraft:stonecutter":1,"minecraft:glow_item_frame":7,"bosses_of_mass_destruction:soul_star":1,"minecraft:flower_pot":1,"mcdw:sword_katana":41,"minecraft:stone_axe":61,"minecraft:cobbled_deepslate_slab":10,"minecraft:white_banner":1,"minecraft:bucket":6,"minecraft:yellow_bed":1,"minecraft:smooth_stone":17,"minecraft:splash_potion":2},"minecraft:killed":{"naturalist:boar":1,"minecraft:skeleton":133,"minecraft:chicken":2,"naturalist:firefly":2,"minecraft:iron_golem":2,"bewitchment:owl":1,"tinyskeletons:baby_skeleton":2,"minecraft:zombie":336,"minecraft:glow_squid":3,"mutantmonsters:mutant_creeper":1,"minecraft:cow":8,"graveyard:nightmare":1,"fishofthieves:pondie":1,"adventurez:orc":2,"minecraft:husk":56,"graveyard:ghoul":8,"minecraft:ravager":4,"mythicmobs:drake":1,"adventurez:deer":1,"mutantmonsters:creeper_minion":5,"minecraft:enderman":2,"graveyard:skeleton_creeper":1,"minecraft:spider":19,"minecraft:illusioner":2,"artifacts:mimic":2,"minecraft:pig":17,"minecraft:zombie_villager":2,"minecraft:creeper":15,"minecraft:sheep":10,"graveyard:revenant":19,"bewitchment:ghost":1,"minecraft:phantom":2,"spellbladenext:magister":16,"mythicmobs:chupacabra":1,"minecraft:bat":5,"promenade:lush_creeper":1,"mutantmonsters:mutant_zombie":1,"minecraft:wither_skeleton":25,"minecraft:player":10}},"DataVersion":3465}