{"stats":{"minecraft:picked_up":{"minecraft:porkchop":7,"minecraft:mutton":5,"minecraft:white_wool":3},"minecraft:used":{"minecraft:stone_sword":26},"minecraft:custom":{"minecraft:jump":44,"minecraft:time_since_rest":3416,"minecraft:damage_dealt":748,"minecraft:sprint_one_cm":4288,"minecraft:leave_game":1,"minecraft:play_time":3416,"minecraft:damage_taken":94,"minecraft:time_since_death":3416,"minecraft:walk_one_cm":7345,"minecraft:total_world_time":3416,"minecraft:hex":0,"minecraft:mob_kills":7,"minecraft:fall_one_cm":1672,"minecraft:fly_one_cm":8491},"minecraft:killed":{"minecraft:pig":4,"minecraft:sheep":3}},"DataVersion":3465}