{"stats":{"minecraft:mined":{"minecraft:dark_oak_planks":9,"minecraft:blue_carpet":3,"minecraft:white_bed":4,"minecraft:black_terracotta":7,"minecraft:obsidian":11,"regions_unexplored:larch_planks":171,"minecraft:granite":15,"minecraft:light_gray_bed":2,"minecraft:deepslate_bricks":1,"minecraft:blue_wool":32,"minecraft:spawner":44,"modern_industrialization:tungsten_ore":1,"minecraft:sticky_piston":7,"minecraft:cobbled_deepslate":90,"minecraft:fire":1,"frostiful:cold_sun_lichen":2,"minecraft:pumpkin":9,"minecraft:deepslate_lapis_ore":8,"minecraft:enchanting_table":1,"minecraft:sculk_shrieker":11,"minecraft:dirt_path":48,"minecraft:oak_stairs":135,"powah:uraninite_ore_poor":9,"create:veridium":13,"regions_unexplored:silt_grass_block":2,"minecraft:tripwire":2,"techreborn:deepslate_bauxite_ore":4,"ironchests:diamond_chest":1,"soulsweapons:verglas_ore_deepslate":3,"minecraft:kelp_plant":1,"minecraft:torch":2,"minecraft:note_block":11,"things:deepslate_gleaming_ore":1,"minecraft:polished_andesite_stairs":5,"indrev:sulfur_crystal":8,"botania:brown_mushroom":1,"minecraft:white_candle":2,"minecraft:bricks":1,"minecraft:amethyst_block":1,"powah:deepslate_uraninite_ore_poor":3,"minecraft:birch_sapling":1,"modern_industrialization:deepslate_uranium_ore":7,"techreborn:silver_ore":27,"minecraft:tinted_glass":5,"minecraft:light_gray_stained_glass":3,"minecraft:wheat":14,"minecraft:waxed_copper_block":37,"minecraft:grass":18,"archon:earth_node":3,"modern_industrialization:salt_ore":2,"modern_industrialization:deepslate_salt_ore":5,"regions_unexplored:clover":1,"promenade:asphalt":1,"minecraft:piston":1,"minecraft:deepslate":923,"create:zinc_ore":60,"techreborn:sapphire_ore":5,"minecraft:deepslate_tiles":1,"powah:deepslate_uraninite_ore":7,"minecraft:light_blue_wool":7,"minecraft:mossy_cobblestone":17,"minecraft:cyan_stained_glass":2,"minecraft:sea_lantern":4,"modern_industrialization:bauxite_ore":4,"minecraft:cobbled_deepslate_slab":9,"croptopia:persimmon_crop":5,"minecraft:moss_block":1,"minecraft:redstone_ore":6,"minecraft:waxed_oxidized_cut_copper":2,"minecraft:packed_mud":15,"minecraft:acacia_trapdoor":1,"techreborn:lead_ore":6,"ae2:damaged_budding_quartz":3,"minecraft:andesite":37,"regions_unexplored:larch_leaves":7,"mythicmounts:firebird_feather3":4,"minecraft:potatoes":7,"modern_industrialization:deepslate_monazite_ore":1,"regions_unexplored:ash_vent":2,"ae2:sky_stone_block":42,"fastpaintings:painting":1,"minecraft:ender_chest":3,"minecraft:smithing_table":2,"minecraft:mud_brick_slab":3,"minecraft:glass_pane":2,"techreborn:deepslate_silver_ore":2,"minecraft:observer":5,"minecraft:emerald_ore":1,"minecraft:dropper":1,"regions_unexplored:volcanic_ash":1,"regions_unexplored:silt_dirt":5,"minecraft:copper_ore":20,"minecraft:deepslate_gold_ore":73,"minecraft:diorite":520,"regions_unexplored:prismarite_cluster":1,"bewitchment:mandrake":3,"ae2:flawless_budding_quartz":3,"jewelry:deepslate_gem_vein":8,"minecraft:cobblestone_wall":4,"techreborn:ruby_ore":11,"minecraft:birch_leaves":1,"regions_unexplored:sandy_grass":2,"minecraft:zombie_head":2,"minecraft:gravel":41,"minecraft:stone_bricks":1,"minecraft:gold_ore":6,"minecraft:waxed_exposed_cut_copper":6,"create:deepslate_zinc_ore":21,"minecraft:spruce_planks":1,"minecraft:oak_sapling":5,"minecraft:sculk_vein":315,"minecraft:cobblestone_stairs":3,"minecraft:brewing_stand":1,"minecraft:grass_block":78,"modern_industrialization:deepslate_lead_ore":3,"regions_unexplored:larch_stairs":4,"modern_industrialization:lignite_coal_ore":139,"minecraft:mud_brick_wall":2,"minecraft:mud_bricks":40,"minecraft:gilded_blackstone":167,"minecraft:smooth_stone":18,"minecraft:mossy_cobblestone_slab":1,"minecraft:sculk_catalyst":7,"minecraft:iron_ore":25,"minecraft:anvil":5,"create:asurine":1,"supplementaries:stick":1,"regions_unexplored:larch_log":8,"techreborn:deepslate_galena_ore":11,"minecraft:waxed_cut_copper_stairs":10,"minecraft:waxed_cut_copper":19,"minecraft:deepslate_redstone_ore":16,"lootr:lootr_chest":1,"modern_industrialization:deepslate_tungsten_ore":10,"minecraft:cyan_terracotta":4,"minecraft:blackstone":2,"techreborn:deepslate_tin_ore":1,"minecraft:chest":12,"supplementaries:wild_flax":1,"minecraft:cobblestone":226,"minecraft:slime_block":3,"minecraft:prismarine":3,"minecraft:oak_planks":71,"minecraft:wall_torch":2,"minecraft:seagrass":3,"minecraft:dark_oak_slab":1,"lootr:trophy":1,"minecraft:birch_log":24,"minecraft:light_gray_wool":2,"minecraft:tnt":4,"indrev:lead_ore":1,"croptopia:apricot_crop":9,"minecraft:smooth_stone_slab":2,"ae2:quartz_block":2,"minecraft:oak_log":69,"minecraft:beetroots":1,"techreborn:galena_ore":4,"minecraft:sand":111,"minecraft:dirt":212,"minecraft:waxed_weathered_cut_copper":1,"minecraft:prismarine_stairs":1,"regions_unexplored:prismoss_sprout":1,"minecraft:oak_leaves":12,"soulsweapons:verglas_ore":5,"minecraft:tuff":120,"minecraft:deepslate_diamond_ore":23,"minecraft:oak_door":2,"regions_unexplored:pink_lupine":1,"minecraft:ladder":6,"modern_industrialization:uranium_ore":1,"minecraft:white_stained_glass":4,"minecraft:soul_campfire":2,"minecraft:mangrove_trapdoor":1,"indrev:deepslate_lead_ore":1,"frostiful:hot_sun_lichen":4,"regions_unexplored:large_prismarite_cluster":1,"regions_unexplored:raw_redstone_block":1,"minecraft:sandstone":22,"minecraft:large_fern":5,"minecraft:hay_block":45,"regions_unexplored:larch_door":6,"minecraft:furnace":3,"minecraft:carrots":3,"minecraft:raw_gold_block":6,"treechop:chopped_log":36,"indrev:deepslate_nikolite_ore":10,"ae2:mysterious_cube":1,"minecraft:bell":1,"soulsweapons:moonstone_ore_deepslate":9,"minecraft:bookshelf":151,"swampier_swamps:swamp_vine":1,"minecraft:deepslate_iron_ore":73,"bewitchment:salt_ore":1,"minecraft:stone":537,"regions_unexplored:redstone_bulb":1,"minecraft:scaffolding":2,"minecraft:flowering_azalea":1,"winterly:icicle":1,"minecraft:basalt":1,"minecraft:spruce_door":1,"travelersbackpack:standard":1,"minecraft:oak_fence":13,"minecraft:crafting_table":6,"modern_industrialization:lead_ore":21,"minecraft:sculk_sensor":70,"minecraft:lectern":2,"modern_industrialization:nickel_ore":9,"twigs:petrified_lichen":1,"minecraft:red_glazed_terracotta":1,"minecraft:sculk":476,"techreborn:tin_ore":45,"supplementaries:urn":26,"minecraft:gray_wool":1,"minecraft:birch_planks":3,"regions_unexplored:redstone_bud":1,"spell_engine:spell_binding":2,"minecraft:ice":1,"modern_industrialization:antimony_ore":2,"zenith:dormant_deepshelf":7,"minecraft:yellow_bed":1,"minecraft:coal_ore":417,"minecraft:gray_carpet":1,"minecraft:terracotta":1,"minecraft:polished_andesite":9,"minecraft:small_dripleaf":2},"minecraft:broken":{"minecraft:diamond_helmet":2,"minecraft:iron_boots":2,"minecraft:iron_chestplate":1,"minecraft:diamond_leggings":3,"minecraft:iron_pickaxe":2,"minecraft:iron_helmet":1,"mcdw:sword_masters_katana":1,"minecraft:stone_pickaxe":7,"minecraft:diamond_boots":3,"minecraft:diamond_chestplate":2,"simplyswords:iron_longsword":1,"mcdw:pick_diamond_pickaxe_var":1},"minecraft:custom":{"minecraft:interact_with_crafting_table":140,"minecraft:open_barrel":366,"minecraft:bell_ring":2,"minecraft:eat_cake_slice":3,"minecraft:leave_game":32,"minecraft:time_since_death":98516,"minecraft:damage_blocked_by_shield":2283,"minecraft:play_time":1330088,"minecraft:deaths":24,"minecraft:jump":9236,"minecraft:enchant_item":7,"minecraft:interact_with_furnace":59,"minecraft:traded_with_villager":127,"minecraft:interact_with_cartography_table":2,"minecraft:sleep_in_bed":10,"minecraft:damage_dealt":140125,"minecraft:interact_with_smoker":26,"minecraft:use_cauldron":2,"minecraft:inspect_dispenser":1,"minecraft:horse_one_cm":561102,"minecraft:interact_with_smithing_table":15,"minecraft:interact_with_anvil":36,"minecraft:sneak_time":136770,"minecraft:interact_with_blast_furnace":42,"minecraft:total_world_time":1330088,"minecraft:tune_noteblock":2,"minecraft:interact_with_stonecutter":13,"minecraft:time_since_rest":98535,"minecraft:swim_one_cm":171534,"minecraft:fly_one_cm":1998284,"minecraft:open_chest":427,"minecraft:fall_one_cm":331242,"lootr:looted_stat":227,"minecraft:damage_resisted":426,"minecraft:sprint_one_cm":1560274,"minecraft:drop":441,"minecraft:play_noteblock":13,"minecraft:talked_to_villager":174,"minecraft:interact_with_brewingstand":3,"minecraft:walk_on_water_one_cm":135425,"minecraft:interact_with_loom":1,"minecraft:open_enderchest":2,"minecraft:player_kills":10,"minecraft:crouch_one_cm":503101,"minecraft:mob_kills":816,"minecraft:damage_dealt_resisted":40408,"minecraft:climb_one_cm":102163,"minecraft:walk_one_cm":2634254,"minecraft:walk_under_water_one_cm":226155,"minecraft:boat_one_cm":60919,"minecraft:pot_flower":1,"minecraft:hex":0,"minecraft:damage_taken":32497,"minecraft:damage_absorbed":3486,"minecraft:threat":46},"minecraft:killed":{"minecraft:cave_spider":2,"mythicmounts:dragon":1,"fishofthieves:islehopper":2,"promenade:sunken_skeleton":12,"naturalist:boar":1,"minecraft:skeleton":141,"minecraft:chicken":2,"naturalist:firefly":2,"minecraft:iron_golem":2,"bewitchment:owl":1,"minecraft:zombie":368,"tinyskeletons:baby_skeleton":2,"minecraft:glow_squid":3,"mutantmonsters:mutant_creeper":1,"minecraft:cow":14,"graveyard:nightmare":1,"fishofthieves:pondie":1,"minecraft:warden":5,"adventurez:orc":2,"minecraft:husk":56,"graveyard:ghoul":10,"minecraft:ravager":4,"mythicmobs:drake":1,"adventurez:deer":1,"mutantmonsters:creeper_minion":5,"minecraft:enderman":2,"graveyard:skeleton_creeper":2,"minecraft:spider":23,"minecraft:illusioner":2,"artifacts:mimic":2,"minecraft:pig":17,"minecraft:zombie_villager":2,"minecraft:creeper":17,"minecraft:sheep":10,"graveyard:revenant":20,"bewitchment:ghost":1,"minecraft:phantom":2,"spellbladenext:magister":16,"mythicmobs:chupacabra":1,"minecraft:drowned":16,"mythicmounts:geckotoalizard":2,"minecraft:bat":5,"promenade:lush_creeper":1,"mutantmonsters:mutant_zombie":1,"minecraft:wither_skeleton":25,"minecraft:player":10},"minecraft:picked_up":{"regions_unexplored:larch_planks":182,"minecraft:flower_pot":1,"minecraft:anvil":5,"minecraft:diamond_sword":1,"minecraft:smithing_table":2,"minecraft:lead":1,"ironchests:diamond_chest":1,"regions_unexplored:silt_dirt":7,"minecraft:oak_stairs":133,"minecraft:brewing_stand":1,"minecraft:amethyst_block":1,"minecraft:string":54,"minecraft:dark_oak_trapdoor":1,"minecraft:soul_soil":1,"minecraft:pufferfish":1,"minecraft:beetroot":1,"minecraft:gold_nugget":64,"minecraft:cobbled_deepslate":1016,"bosses_of_mass_destruction:soul_star":10,"modern_industrialization:raw_uranium":10,"minecraft:spruce_planks":2,"minecraft:waxed_exposed_cut_copper":8,"regions_unexplored:larch_log":521,"minecraft:bubble_coral":3,"minecraft:written_book":1,"minecraft:dark_oak_door":3,"regions_unexplored:raw_redstone_block":1,"minecraft:waxed_cut_copper_stairs":12,"indrev:raw_lead":4,"minecraft:light_gray_bed":2,"croptopia:persimmon":14,"minecraft:light_blue_wool":7,"minecraft:cyan_terracotta":3,"minecraft:glowstone":1,"supplementaries:ash":24,"minecraft:waxed_cut_copper":19,"minecraft:birch_log":278,"minecraft:smoker":1,"minecraft:flint":10,"spellbladenext:fire_blade":2,"lootr:trophy":1,"jewelry:sapphire":2,"fishofthieves:earthworms":104,"modern_industrialization:bauxite_dust":4,"minecraft:moss_block":4,"fishofthieves:pondie":3,"archon:earth_gem":3,"zenith:warden_tendril":5,"minecraft:dropper":1,"minecraft:barrel":1,"minecraft:polished_andesite":9,"minecraft:white_candle":8,"minecraft:granite":15,"spellbladenext:frost_blade":3,"minecraft:bread":1,"modern_industrialization:salt_dust":13,"minecraft:bricks":1,"botania:brown_mushroom":1,"minecraft:diamond_pickaxe":1,"minecraft:crafting_table":6,"modern_industrialization:lignite_coal":135,"travelersbackpack:hay":1,"minecraft:leather_leggings":2,"jewelry:citrine":8,"friendsandfoes:totem_of_illusion":2,"ae2:silicon_press":1,"minecraft:fire_coral":8,"simplyswords:livyatan":1,"minecraft:netherite_scrap":10,"minecraft:glass_pane":7,"minecraft:beef":27,"minecraft:poppy":4,"minecraft:spruce_slab":6,"minecraft:chest":12,"minecraft:birch_sapling":28,"minecraft:piston":1,"spellbladenext:arcane_blade":5,"minecraft:sandstone":13,"minecraft:raw_gold_block":6,"minecraft:oak_door":2,"minecraft:glow_item_frame":12,"techreborn:ruby_gem":21,"minecraft:cake":1,"minecraft:carrot":13,"minecraft:redstone":100,"minecraft:prismarine_crystals":18,"minecraft:blue_carpet":10,"minecraft:tnt":4,"minecraft:diamond_chestplate":2,"jewelry:ruby":5,"minecraft:beetroot_seeds":2,"minecraft:peony":2,"minecraft:deepslate_bricks":1,"minecraft:hay_block":44,"spell_engine:spell_binding":2,"zenith:dormant_deepshelf":7,"minecraft:mutton":15,"minecraft:white_wool":9,"minecraft:rail":1,"minecraft:mud_bricks":65,"minecraft:red_glazed_terracotta":1,"croptopia:glowing_calamari":3,"minecraft:red_mushroom":2,"minecraft:packed_mud":22,"immersive_melodies:bagpipe":1,"minecraft:oak_log":915,"bewitchment:aconite_seeds":4,"minecraft:white_banner":1,"minecraft:apple":21,"minecraft:stone_bricks":1,"minecraft:kelp":1,"regions_unexplored:larch_sapling":137,"techreborn:deepslate_bauxite_ore":12,"minecraft:glass_bottle":3,"minecraft:iron_sword":1,"minecraft:flowering_azalea":1,"minecraft:dark_oak_stairs":2,"minecraft:polished_andesite_stairs":1,"minecraft:dark_oak_slab":2,"modern_industrialization:raw_tungsten":14,"minecraft:gravel":38,"minecraft:birch_stairs":1,"powah:uraninite_raw":26,"modern_industrialization:monazite_dust":1,"travelersbackpack:standard":1,"winterly:icicle":1,"minecraft:diamond_shovel":1,"minecraft:slime_ball":12,"modern_industrialization:raw_nickel":15,"minecraft:stone_axe":1,"minecraft:diamond_axe":3,"minecraft:painting":2,"minecraft:gray_wool":1,"minecraft:ender_pearl":1,"techreborn:deepslate_galena_ore":27,"minecraft:prismarine_stairs":1,"techreborn:raw_tin":46,"minecraft:wheat":14,"beachparty:rubber_ring_axolotl":1,"soulsweapons:moonstone":9,"minecraft:potion":1,"minecraft:gilded_blackstone":148,"regions_unexplored:prismarite_cluster":1,"minecraft:waxed_cut_copper_slab":3,"minecraft:raw_copper":68,"minecraft:smooth_stone_slab":1,"minecraft:armor_stand":1,"minecraft:sticky_piston":7,"minecraft:zombie_head":2,"techreborn:galena_ore":4,"minecraft:sea_pickle":3,"minecraft:deepslate_tiles":1,"minecraft:smooth_stone":18,"twigs:pebble":32,"minecraft:rose_bush":1,"minecraft:ender_eye":8,"minecraft:calcite":1,"ae2:flawed_budding_quartz":3,"minecraft:furnace":4,"minecraft:blue_wool":32,"minecraft:stick":38,"minecraft:oak_fence":19,"minecraft:torch":32,"deeperdarker:heart_of_the_deep":5,"minecraft:porkchop":39,"minecraft:diorite":520,"mcda:entertainer_garb_helmet":1,"ae2:sky_stone_block":42,"mutantmonsters:hulk_hammer":1,"minecraft:rotten_flesh":275,"create:asurine":1,"bewitchment:mandrake_root":3,"immersive_melodies:flute":1,"minecraft:obsidian":35,"adventurez:orc_skin":3,"minecraft:cobblestone":749,"regions_unexplored:golden_larch_sapling":4,"minecraft:enchanting_table":1,"minecraft:andesite":35,"minecraft:orange_carpet":1,"minecraft:mud_brick_stairs":1,"minecraft:potato":31,"minecraft:tuff":116,"create:raw_zinc":120,"minecraft:warped_trapdoor":4,"supplementaries:flax_seeds":20,"minecraft:horn_coral":6,"ae2:damaged_budding_quartz":1,"minecraft:lapis_lazuli":51,"minecraft:dirt":413,"minecraft:bone":166,"minecraft:bow":3,"minecraft:wheat_seeds":48,"minecraft:raw_gold":94,"adventurez:raw_venison":2,"minecraft:cobbled_deepslate_slab":10,"minecraft:bell":1,"ae2:logic_processor_press":1,"twigs:twig":276,"minecraft:prismarine":3,"minecraft:oak_planks":74,"regions_unexplored:larch_stairs":4,"minecraft:black_terracotta":11,"minecraft:cooked_porkchop":3,"spellbladenext:fire_orb":1,"techreborn:raw_lead":6,"minecraft:poisonous_potato":1,"regions_unexplored:larch_door":8,"minecraft:sand":108,"minecraft:diamond_block":2,"minecraft:grass_block":1,"minecraft:lily_of_the_valley":2,"minecraft:mossy_cobblestone":16,"techreborn:sapphire_gem":8,"ae2:quartz_block":5,"techreborn:red_garnet_gem":6,"indrev:sulfur_crystal":16,"minecraft:dead_fire_coral":4,"techreborn:peridot_gem":4,"minecraft:dark_prismarine_slab":1,"beachparty:rubber_ring_pelican":1,"minecraft:yellow_carpet":1,"artifacts:golden_hook":1,"minecraft:diamond":23,"minecraft:slime_block":4,"minecraft:golden_apple":7,"frostiful:wolf_fur_tuft":1,"soulsweapons:verglas":14,"minecraft:emerald":9,"indrev:nikolite_dust":47,"minecraft:oak_sapling":182,"minecraft:mud_brick_slab":6,"minecraft:charcoal":2,"minecraft:waxed_oxidized_cut_copper":5,"things:gleaming_powder":1,"minecraft:chicken":2,"minecraft:ladder":15,"minecraft:turtle_helmet":1,"minecraft:brown_mushroom":1,"minecraft:cooked_rabbit":2,"ad_astra:sky_stone":1,"immersive_armors:warrior_boots":1,"minecraft:moss_carpet":32,"immersive_melodies:lute":1,"minecraft:item_frame":10,"minecraft:blackstone":3,"graveyard:corruption":12,"deeperdarker:warden_carapace":11,"techreborn:raw_silver":29,"minecraft:player_head":3,"minecraft:observer":5,"minecraft:light_gray_wool":3,"minecraft:lectern":3,"minecraft:tinted_glass":24,"minecraft:sugar_cane":1,"minecraft:spruce_trapdoor":2,"minecraft:raw_iron":103,"regions_unexplored:ash_vent":2,"promenade:asphalt":1,"minecraft:copper_ingot":2,"jewelry:jade":3,"regions_unexplored:volcanic_ash":1,"minecraft:note_block":7,"minecraft:dark_oak_planks":12,"minecraft:arrow":110,"bewitchment:garlic":3,"regions_unexplored:redstone_bulb":1,"minecraft:stripped_dark_oak_wood":5,"minecraft:saddle":3,"ae2:calculation_processor_press":1,"minecraft:skeleton_skull":6,"modern_industrialization:raw_antimony":1,"minecraft:basalt":1,"minecraft:glow_ink_sac":9,"minecraft:salmon":1,"minecraft:leather":20,"minecraft:birch_planks":3,"fishofthieves:grubs":5,"minecraft:waxed_copper_block":34,"mythicmounts:firebird_feather3":18,"minecraft:cobblestone_wall":7,"minecraft:yellow_bed":1,"minecraft:gunpowder":27,"minecraft:cobblestone_stairs":3,"naturalist:glow_goop":1,"minecraft:red_carpet":34,"regions_unexplored:large_prismarite_cluster":1,"minecraft:waxed_weathered_cut_copper":2,"minecraft:gray_carpet":49,"minecraft:acacia_trapdoor":2,"bewitchment:mandrake_seeds":6,"minecraft:iron_ingot":12,"artifacts:whoopee_cushion":1,"minecraft:book":525,"minecraft:sculk_catalyst":5,"croptopia:apricot":17,"minecraft:pumpkin":9,"minecraft:dandelion":3,"bewitchment:belladonna_seeds":2,"bewitchment:salt":2,"minecraft:mud_brick_wall":1,"minecraft:white_bed":4,"minecraft:spruce_door":1,"minecraft:dark_oak_fence_gate":1,"minecraft:spider_eye":5,"minecraft:pumpkin_seeds":1,"ae2:engineering_processor_press":1,"minecraft:terracotta":1,"modern_industrialization:raw_lead":21,"minecraft:coal":686},"minecraft:killed_by":{"minecraft:zombie":4,"minecraft:warden":2,"spellbladenext:magister":1,"minecraft:wither_skeleton":1,"minecraft:skeleton":10},"minecraft:used":{"minecraft:spruce_slab":2,"minecraft:ladder":22,"minecraft:chest":20,"lootr:trophy":2,"mythicmounts:firebird_feather3":10,"friendsandfoes:totem_of_illusion":2,"minecraft:birch_sapling":25,"minecraft:dark_oak_slab":2,"simplyswords:iron_longsword":213,"minecraft:bow":13,"mutantmonsters:hulk_hammer":2,"minecraft:oak_sapling":150,"minecraft:furnace":4,"simplyswords:soulpyre":37,"regions_unexplored:volcanic_ash":1,"minecraft:diorite":15,"minecraft:spruce_door":1,"minecraft:wooden_pickaxe":8,"minecraft:golden_apple":119,"minecraft:dark_oak_trapdoor":1,"minecraft:sand":2,"minecraft:blast_furnace":1,"mcdw:sword_masters_katana":1093,"regions_unexplored:larch_stairs":52,"minecraft:lectern":1,"minecraft:smithing_table":3,"minecraft:enchanting_table":2,"minecraft:stone_sword":130,"minecraft:torch":73,"minecraft:brewing_stand":1,"minecraft:anvil":4,"techreborn:deepslate_galena_ore":2,"minecraft:iron_block":4,"minecraft:mud_bricks":14,"minecraft:barrel":2,"minecraft:glowstone":1,"smallships:birch_brigg":1,"minecraft:cobbled_deepslate":436,"minecraft:wheat_seeds":24,"minecraft:water_bucket":6,"minecraft:birch_planks":2,"minecraft:cauldron":1,"minecraft:mossy_cobblestone":1,"minecraft:rail":1,"minecraft:tnt":2,"minecraft:crafting_table":7,"minecraft:white_bed":5,"minecraft:cake":3,"minecraft:oak_log":5,"minecraft:diamond_pickaxe":1430,"minecraft:diamond_shovel":421,"ironchests:copper_chest_upgrade":2,"minecraft:iron_pickaxe":400,"simplyswords:livyatan":2602,"minecraft:blue_carpet":52,"minecraft:cobblestone":629,"minecraft:potion":3,"travelersbackpack:standard":8,"minecraft:cooked_porkchop":25,"minecraft:glass_pane":9,"minecraft:dandelion":1,"minecraft:diamond_hoe":856,"minecraft:shield":37,"ironchests:iron_chest_upgrade":2,"minecraft:iron_sword":194,"minecraft:bell":1,"simplyswords:gold_warglaive":2,"minecraft:white_candle":4,"travelersbackpack:hay":77,"minecraft:carrot":1,"minecraft:tuff":5,"zenith:dormant_deepshelf":7,"minecraft:cyan_terracotta":2,"minecraft:bricks":1,"minecraft:lantern":4,"ironchests:diamond_chest_upgrade":1,"minecraft:packed_mud":1,"regions_unexplored:ash_vent":2,"minecraft:item_frame":2,"minecraft:red_carpet":8,"minecraft:written_book":1,"minecraft:skeleton_skull":1,"adventurez:cooked_venison":2,"minecraft:stone_pickaxe":892,"minecraft:gray_carpet":5,"regions_unexplored:larch_button":2,"minecraft:oak_planks":571,"minecraft:sandstone":2,"spell_engine:spell_binding":2,"minecraft:diamond_axe":1240,"minecraft:light_blue_wool":6,"minecraft:crossbow":4,"minecraft:lingering_potion":1,"regions_unexplored:larch_slab":6,"minecraft:shears":1,"minecraft:black_terracotta":1,"minecraft:firework_rocket":5,"minecraft:bread":113,"minecraft:string":2,"minecraft:iron_door":1,"minecraft:gravel":20,"regions_unexplored:larch_door":7,"minecraft:cooked_rabbit":1,"minecraft:andesite":27,"minecraft:smooth_stone_slab":1,"minecraft:experience_bottle":8,"minecraft:flint_and_steel":2,"mcdw:pick_diamond_pickaxe_var":1561,"minecraft:stone_shovel":37,"bewitchment:mandrake_seeds":5,"minecraft:cooked_chicken":2,"promenade:asphalt":1,"minecraft:dirt":25,"minecraft:granite":12,"minecraft:dark_oak_planks":2,"minecraft:bookshelf":41,"minecraft:waxed_cut_copper":16,"minecraft:oak_stairs":245,"minecraft:light_gray_wool":2,"minecraft:golden_carrot":16,"regions_unexplored:larch_planks":524,"minecraft:cooked_beef":16,"ironchests:diamond_chest":6,"minecraft:pumpkin":6,"minecraft:enchanted_golden_apple":2,"minecraft:light_gray_bed":2,"minecraft:cooked_mutton":22,"minecraft:cobblestone_stairs":2,"minecraft:glass_bottle":1,"minecraft:polished_andesite":8,"ironchests:gold_chest_upgrade":2,"minecraft:stonecutter":1,"minecraft:red_glazed_terracotta":1,"minecraft:glow_item_frame":7,"minecraft:terracotta":1,"bosses_of_mass_destruction:soul_star":1,"minecraft:flower_pot":1,"mcdw:sword_katana":41,"minecraft:stone_axe":61,"minecraft:cobbled_deepslate_slab":10,"minecraft:white_banner":1,"minecraft:bucket":6,"minecraft:yellow_bed":1,"minecraft:smooth_stone":17,"minecraft:splash_potion":2},"minecraft:crafted":{"minecraft:smooth_stone":3,"minecraft:birch_boat":3,"minecraft:bookshelf":41,"minecraft:cooked_mutton":27,"minecraft:glass":64,"minecraft:diamond_helmet":3,"minecraft:diamond_leggings":3,"minecraft:iron_door":3,"regions_unexplored:larch_stairs":48,"minecraft:deepslate":64,"minecraft:emerald":130,"minecraft:cooked_porkchop":22,"zenith:dormant_deepshelf":7,"travelersbackpack:standard":5,"ironchests:iron_chest":5,"minecraft:smithing_table":1,"mcda:entertainer_garb_helmet":1,"minecraft:copper_ingot":72,"minecraft:cracked_deepslate_tiles":64,"techreborn:silver_ingot":28,"minecraft:iron_pickaxe":2,"minecraft:iron_block":40,"minecraft:gold_ingot":219,"minecraft:netherite_ingot":25,"travelersbackpack:hay":2,"minecraft:stone_shovel":1,"minecraft:iron_nugget":9,"minecraft:diamond_hoe":9,"comforts:sleeping_bag_white":2,"travelersbackpack:blank_upgrade":4,"travelersbackpack:gold_tier_upgrade":2,"minecraft:diamond":54,"minecraft:polished_diorite":12,"minecraft:ladder":18,"minecraft:stone_pickaxe":17,"smallships:birch_brigg":1,"minecraft:diamond_boots":3,"ironchests:gold_chest":5,"minecraft:lead":6,"minecraft:wheat":315,"minecraft:coal_block":49,"minecraft:enchanting_table":1,"minecraft:deepslate_tiles":64,"minecraft:golden_apple":21,"minecraft:oak_stairs":68,"minecraft:white_bed":1,"spell_engine:spell_binding":1,"minecraft:blue_carpet":48,"adventurez:cooked_venison":2,"ironchests:copper_chest":5,"minecraft:oak_planks":2264,"ironchests:iron_chest_upgrade":2,"minecraft:cooked_chicken":2,"regions_unexplored:larch_planks":892,"minecraft:stone":17,"smallships:sail":2,"minecraft:iron_boots":1,"minecraft:bow":1,"minecraft:chest":22,"regions_unexplored:larch_boat":3,"ironchests:gold_chest_upgrade":2,"ironchests:diamond_chest_upgrade":1,"travelersbackpack:iron_tier_upgrade":2,"minecraft:cauldron":1,"minecraft:crafting_table":1,"minecraft:wooden_pickaxe":1,"runes:fire_stone":62,"zenith:scrap_tome":8,"minecraft:gold_block":39,"minecraft:birch_planks":644,"minecraft:book":8,"minecraft:iron_chestplate":1,"minecraft:paper":15,"minecraft:diamond_pickaxe":1,"minecraft:shield":1,"minecraft:stick":3340,"minecraft:iron_ingot":180,"jewelry:sapphire_necklace":1,"minecraft:deepslate_bricks":4,"minecraft:shears":1,"regions_unexplored:larch_button":2,"minecraft:cobbled_deepslate_slab":12,"minecraft:raw_iron":324,"minecraft:furnace":3,"minecraft:blast_furnace":1,"minecraft:diamond_block":37,"minecraft:glass_pane":16,"ironchests:blank_chest_upgrade":7,"minecraft:birch_chest_boat":3,"smallships:cannon":6,"mcdw:pick_diamond_pickaxe_var":1,"travelersbackpack:diamond_tier_upgrade":1,"minecraft:cooked_beef":16,"ironchests:copper_chest_upgrade":2,"tiered:limestone_chunk":4,"travelersbackpack:backpack_tank":4,"minecraft:bucket":2,"ironchests:diamond_chest":5,"minecraft:stone_axe":6,"mcdw:sword_katana":2,"minecraft:bread":111,"minecraft:air":0,"minecraft:white_wool":13,"minecraft:raw_gold":81,"minecraft:anvil":2,"minecraft:stonecutter":1,"regions_unexplored:larch_slab":6,"minecraft:torch":44,"mcdw:sword_masters_katana":3,"create:zinc_ingot":55,"minecraft:diamond_chestplate":4},"minecraft:dropped":{"minecraft:piston":1,"minecraft:mud_brick_slab":3,"minecraft:glow_ink_sac":2,"minecraft:glass_bottle":5,"minecraft:glow_item_frame":4,"graveyard:corruption":3,"techreborn:deepslate_galena_ore":16,"minecraft:red_carpet":9,"minecraft:red_mushroom":2,"minecraft:item_frame":7,"bewitchment:aconite_seeds":4,"immersive_armors:warrior_boots":1,"twigs:pebble":10,"minecraft:packed_mud":16,"minecraft:dirt":11,"techreborn:raw_tin":1,"modern_industrialization:raw_nickel":15,"minecraft:stripped_dark_oak_wood":5,"regions_unexplored:large_prismarite_cluster":1,"minecraft:horn_coral":6,"beachparty:rubber_ring_pelican":1,"minecraft:sand":1,"regions_unexplored:prismarite_cluster":1,"minecraft:dark_oak_planks":8,"winterly:icicle":1,"regions_unexplored:redstone_bulb":1,"minecraft:birch_stairs":1,"bewitchment:belladonna_seeds":2,"minecraft:bone":34,"minecraft:waxed_cut_copper_slab":2,"minecraft:oak_door":1,"minecraft:dark_oak_door":3,"minecraft:note_block":7,"minecraft:stone_axe":2,"minecraft:waxed_cut_copper_stairs":11,"bewitchment:salt":2,"minecraft:cobbled_deepslate":10,"minecraft:tinted_glass":24,"minecraft:wheat":2,"soulsweapons:moonstone":1,"minecraft:rotten_flesh":112,"minecraft:oak_planks":41,"simplyswords:diamond_twinblade":1,"create:asurine":1,"mcda:entertainer_garb_helmet":1,"minecraft:dark_oak_fence_gate":1,"bosses_of_mass_destruction:soul_star":2,"beachparty:rubber_ring_axolotl":2,"supplementaries:flax_seeds":20,"minecraft:ladder":8,"minecraft:leather_leggings":2,"minecraft:painting":2,"modern_industrialization:raw_antimony":1,"minecraft:spruce_slab":4,"minecraft:lectern":2,"minecraft:enchanted_book":2,"minecraft:iron_ingot":1,"minecraft:wheat_seeds":11,"minecraft:oak_fence":19,"minecraft:cobblestone":6,"minecraft:dark_prismarine_slab":1,"minecraft:book":28,"artifacts:whoopee_cushion":1,"techreborn:deepslate_bauxite_ore":8,"minecraft:granite":3,"modern_industrialization:monazite_dust":1,"minecraft:coal":49,"minecraft:yellow_carpet":1,"minecraft:golden_apple":46,"minecraft:polished_andesite":1,"ad_astra:sky_stone":1,"minecraft:rose_bush":1,"minecraft:diamond_helmet":1,"minecraft:potion":3,"modern_industrialization:raw_uranium":3,"minecraft:smooth_stone":1,"minecraft:chainmail_leggings":11,"minecraft:string":43,"minecraft:blue_carpet":6,"minecraft:gray_carpet":36,"create:raw_zinc":1,"minecraft:furnace":2,"minecraft:moss_carpet":16,"regions_unexplored:larch_log":10,"minecraft:player_head":1,"minecraft:stone_sword":1,"minecraft:cobblestone_wall":7,"minecraft:diamond_hoe":1,"minecraft:stone_shovel":1,"minecraft:chicken":1,"minecraft:iron_boots":12,"techreborn:ruby_gem":14,"minecraft:slime_block":2,"mythicmounts:firebird_feather3":1,"minecraft:pumpkin_seeds":1,"minecraft:lily_of_the_valley":2,"minecraft:diamond_sword":1,"minecraft:potato":2,"minecraft:hay_block":2,"minecraft:waxed_cut_copper":3,"minecraft:peony":2,"minecraft:spruce_trapdoor":2,"minecraft:spruce_planks":2,"minecraft:diamond_pickaxe":1,"minecraft:spider_eye":4,"minecraft:stone_bricks":1,"minecraft:sandstone":11,"minecraft:bow":1,"regions_unexplored:silt_dirt":7,"minecraft:cooked_rabbit":1,"spellbladenext:arcane_blade":1,"minecraft:moss_block":3,"minecraft:dark_oak_stairs":2,"minecraft:diamond_axe":3,"modern_industrialization:bauxite_dust":4,"minecraft:oak_log":6,"regions_unexplored:larch_planks":11,"fishofthieves:pondie":3,"minecraft:leather":2,"minecraft:cobblestone_stairs":1,"minecraft:cyan_terracotta":1,"minecraft:orange_carpet":1,"simplyswords:livyatan":1,"minecraft:birch_log":11,"twigs:twig":3,"modern_industrialization:salt_dust":13,"minecraft:armor_stand":1,"minecraft:gravel":7,"regions_unexplored:raw_redstone_block":1,"minecraft:blackstone":3,"minecraft:black_terracotta":10,"minecraft:white_candle":4,"minecraft:prismarine":3,"botania:brown_mushroom":1,"minecraft:carrot":5,"minecraft:chainmail_chestplate":11,"indrev:raw_lead":4,"minecraft:poppy":2,"supplementaries:ash":18,"techreborn:raw_silver":1,"minecraft:gunpowder":7,"minecraft:skeleton_skull":1,"minecraft:dropper":1,"minecraft:beetroot_seeds":2,"minecraft:chest":1,"modern_industrialization:lignite_coal":7,"minecraft:arrow":32,"regions_unexplored:larch_door":2,"minecraft:mossy_cobblestone":3,"minecraft:diamond_leggings":1,"minecraft:acacia_trapdoor":2,"minecraft:stick":26,"minecraft:mud_brick_wall":1,"minecraft:diorite":17,"minecraft:torch":5,"minecraft:mud_brick_stairs":1,"minecraft:zombie_head":2,"minecraft:iron_leggings":3,"minecraft:flowering_azalea":1,"minecraft:music_disc_cat":1,"minecraft:dandelion":1,"minecraft:bubble_coral":3,"minecraft:kelp":1,"techreborn:red_garnet_gem":6,"minecraft:raw_copper":11,"simplyswords:gold_warglaive":2,"minecraft:tuff":12,"minecraft:raw_iron":2,"minecraft:waxed_exposed_cut_copper":8,"minecraft:glass_pane":7,"minecraft:prismarine_stairs":1,"minecraft:flint_and_steel":1,"minecraft:mud_bricks":43,"fishofthieves:earthworms":13,"minecraft:diamond_chestplate":4,"minecraft:andesite":8,"minecraft:fire_coral":8,"minecraft:dead_fire_coral":4,"minecraft:oak_sapling":1,"minecraft:waxed_weathered_cut_copper":2,"minecraft:waxed_oxidized_cut_copper":5,"minecraft:golden_sword":1,"minecraft:diamond_boots":1,"minecraft:wooden_pickaxe":1,"minecraft:raw_gold":9,"minecraft:calcite":1}},"DataVersion":3465}