{"stats":{"minecraft:picked_up":{"minecraft:crafting_table":6,"minecraft:chicken":1,"minecraft:ladder":2,"minecraft:andesite":12,"minecraft:leather":6,"minecraft:flint":1,"minecraft:tuff":15,"minecraft:oak_log":54,"bewitchment:aconite_seeds":1,"minecraft:dirt":16,"minecraft:bone":1,"minecraft:apple":5,"minecraft:cobbled_deepslate":127,"minecraft:raw_gold":12,"twigs:pebble":10,"minecraft:beef":5,"minecraft:iron_ingot":3,"minecraft:poppy":2,"twigs:twig":23,"minecraft:furnace":1,"minecraft:raw_iron":26,"minecraft:cooked_porkchop":1,"croptopia:apricot":17,"minecraft:gravel":10,"minecraft:porkchop":32,"minecraft:diorite":6,"minecraft:redstone":28,"minecraft:barrel":1,"minecraft:arrow":1,"minecraft:rotten_flesh":4,"croptopia:persimmon":14,"minecraft:diamond":3,"minecraft:hay_block":18,"minecraft:granite":3,"minecraft:oak_sapling":17,"minecraft:mutton":13,"minecraft:coal":44,"minecraft:white_wool":8,"minecraft:cobblestone":176},"minecraft:dropped":{"minecraft:gravel":7,"minecraft:stone_sword":1,"minecraft:tuff":12,"minecraft:rotten_flesh":4,"minecraft:oak_planks":41,"minecraft:granite":3,"bewitchment:aconite_seeds":1,"twigs:pebble":10,"minecraft:poppy":2,"minecraft:andesite":7,"minecraft:ladder":1,"minecraft:wooden_pickaxe":1},"minecraft:mined":{"minecraft:deepslate_redstone_ore":6,"minecraft:tuff":15,"minecraft:deepslate_diamond_ore":3,"minecraft:crafting_table":6,"minecraft:ladder":1,"croptopia:persimmon_crop":5,"minecraft:granite":3,"minecraft:grass_block":4,"minecraft:cobblestone":15,"minecraft:deepslate_gold_ore":12,"minecraft:diorite":6,"minecraft:hay_block":18,"minecraft:furnace":1,"minecraft:iron_ore":1,"minecraft:cobbled_deepslate":1,"minecraft:andesite":12,"treechop:chopped_log":10,"croptopia:apricot_crop":9,"minecraft:grass":5,"minecraft:oak_log":7,"minecraft:coal_ore":31,"minecraft:deepslate_iron_ore":25,"minecraft:gravel":11,"minecraft:dirt":12,"minecraft:stone":158,"minecraft:deepslate":128},"minecraft:broken":{"minecraft:stone_pickaxe":2},"minecraft:killed":{"minecraft:pig":15,"minecraft:iron_golem":1,"minecraft:sheep":9,"minecraft:skeleton":1,"minecraft:zombie":4,"minecraft:chicken":1,"minecraft:cow":4},"minecraft:custom":{"minecraft:interact_with_furnace":10,"lootr:looted_stat":2,"minecraft:mob_kills":35,"minecraft:interact_with_crafting_table":21,"minecraft:open_barrel":5,"minecraft:damage_dealt_resisted":0,"minecraft:leave_game":3,"minecraft:time_since_death":63725,"minecraft:sleep_in_bed":3,"minecraft:climb_one_cm":17057,"minecraft:hex":0,"minecraft:time_since_rest":5223,"minecraft:sprint_one_cm":66785,"minecraft:damage_taken":808,"minecraft:walk_one_cm":158686,"minecraft:damage_blocked_by_shield":505,"minecraft:drop":13,"minecraft:damage_dealt":4418,"minecraft:swim_one_cm":4996,"minecraft:fly_one_cm":82227,"minecraft:talked_to_villager":7,"minecraft:open_chest":5,"minecraft:crouch_one_cm":21694,"minecraft:play_time":63725,"minecraft:sneak_time":10209,"minecraft:walk_under_water_one_cm":25598,"minecraft:jump":626,"minecraft:interact_with_blast_furnace":6,"minecraft:walk_on_water_one_cm":10936,"minecraft:total_world_time":63725,"minecraft:interact_with_smoker":13,"minecraft:fall_one_cm":11828},"minecraft:crafted":{"minecraft:cooked_beef":3,"minecraft:smooth_stone":3,"minecraft:oak_planks":84,"minecraft:cooked_porkchop":15,"minecraft:crafting_table":1,"minecraft:iron_nugget":9,"minecraft:wooden_pickaxe":1,"minecraft:cooked_chicken":1,"minecraft:furnace":2,"minecraft:blast_furnace":1,"minecraft:stone":3,"minecraft:stone_axe":1,"mcdw:sword_katana":1,"minecraft:bread":30,"minecraft:air":0,"minecraft:iron_boots":1,"minecraft:iron_chestplate":1,"minecraft:ladder":15,"minecraft:stick":62,"minecraft:iron_ingot":27,"minecraft:iron_pickaxe":1,"minecraft:stone_pickaxe":2,"minecraft:chest":2,"mcdw:pick_diamond_pickaxe_var":1,"minecraft:gold_ingot":12,"minecraft:white_bed":1,"minecraft:wheat":90},"minecraft:used":{"minecraft:diorite":6,"minecraft:stone_sword":130,"mcdw:pick_diamond_pickaxe_var":1,"minecraft:stone_pickaxe":237,"minecraft:ladder":16,"minecraft:wooden_pickaxe":8,"minecraft:chest":2,"minecraft:shield":10,"minecraft:cooked_chicken":1,"minecraft:crafting_table":6,"minecraft:blast_furnace":1,"minecraft:white_bed":1,"minecraft:tuff":3,"minecraft:bread":5,"minecraft:iron_pickaxe":172,"mcdw:sword_katana":24,"minecraft:gravel":3,"minecraft:barrel":1,"minecraft:stone_axe":61,"minecraft:cobblestone":68,"minecraft:furnace":2,"minecraft:cooked_porkchop":6,"minecraft:andesite":5,"minecraft:cobbled_deepslate":5}},"DataVersion":3465}