{"stats":{"minecraft:mined":{"minecraft:dark_oak_planks":3,"create:deepslate_zinc_ore":8,"minecraft:oak_sapling":5,"minecraft:black_terracotta":2,"minecraft:cobblestone_stairs":3,"minecraft:brewing_stand":1,"minecraft:obsidian":11,"regions_unexplored:larch_planks":106,"minecraft:granite":15,"minecraft:grass_block":9,"modern_industrialization:deepslate_lead_ore":3,"modern_industrialization:lignite_coal_ore":139,"minecraft:mud_bricks":12,"minecraft:spawner":26,"minecraft:gilded_blackstone":167,"minecraft:smooth_stone":17,"minecraft:mossy_cobblestone_slab":1,"modern_industrialization:tungsten_ore":1,"minecraft:sculk_catalyst":1,"minecraft:iron_ore":24,"minecraft:fire":1,"minecraft:cobbled_deepslate":43,"frostiful:cold_sun_lichen":2,"minecraft:pumpkin":9,"minecraft:anvil":1,"minecraft:deepslate_lapis_ore":8,"create:asurine":1,"minecraft:sculk_shrieker":1,"minecraft:dirt_path":1,"minecraft:oak_stairs":118,"powah:uraninite_ore_poor":9,"regions_unexplored:larch_log":8,"regions_unexplored:silt_grass_block":2,"create:veridium":13,"techreborn:deepslate_galena_ore":10,"minecraft:waxed_cut_copper_stairs":2,"minecraft:deepslate_redstone_ore":16,"techreborn:deepslate_bauxite_ore":4,"lootr:lootr_chest":1,"minecraft:cyan_terracotta":4,"modern_industrialization:deepslate_tungsten_ore":7,"minecraft:blackstone":2,"soulsweapons:verglas_ore_deepslate":3,"minecraft:note_block":2,"things:deepslate_gleaming_ore":1,"techreborn:deepslate_tin_ore":1,"minecraft:polished_andesite_stairs":5,"minecraft:chest":6,"indrev:sulfur_crystal":8,"botania:brown_mushroom":1,"minecraft:cobblestone":133,"minecraft:white_candle":2,"minecraft:oak_planks":56,"minecraft:wall_torch":2,"minecraft:amethyst_block":1,"powah:deepslate_uraninite_ore_poor":3,"minecraft:birch_sapling":1,"modern_industrialization:deepslate_uranium_ore":7,"minecraft:seagrass":1,"techreborn:silver_ore":26,"minecraft:dark_oak_slab":1,"minecraft:light_gray_stained_glass":3,"minecraft:birch_log":24,"minecraft:wheat":14,"indrev:lead_ore":1,"minecraft:smooth_stone_slab":2,"minecraft:tnt":4,"croptopia:apricot_crop":9,"minecraft:grass":13,"ae2:quartz_block":2,"minecraft:oak_log":68,"minecraft:beetroots":1,"minecraft:dirt":26,"archon:earth_node":3,"minecraft:sand":105,"modern_industrialization:salt_ore":2,"promenade:asphalt":1,"regions_unexplored:prismoss_sprout":1,"minecraft:oak_leaves":12,"minecraft:deepslate":894,"create:zinc_ore":47,"techreborn:sapphire_ore":5,"powah:deepslate_uraninite_ore":7,"minecraft:tuff":120,"minecraft:mossy_cobblestone":5,"minecraft:deepslate_diamond_ore":23,"minecraft:oak_door":2,"modern_industrialization:bauxite_ore":4,"minecraft:ladder":6,"croptopia:persimmon_crop":5,"minecraft:white_stained_glass":4,"minecraft:soul_campfire":1,"minecraft:mangrove_trapdoor":1,"regions_unexplored:large_prismarite_cluster":1,"frostiful:hot_sun_lichen":4,"regions_unexplored:raw_redstone_block":1,"minecraft:large_fern":5,"minecraft:hay_block":42,"minecraft:redstone_ore":6,"regions_unexplored:larch_door":4,"minecraft:carrots":3,"minecraft:furnace":3,"techreborn:lead_ore":6,"ae2:damaged_budding_quartz":3,"minecraft:andesite":36,"treechop:chopped_log":36,"indrev:deepslate_nikolite_ore":10,"regions_unexplored:larch_leaves":7,"mythicmounts:firebird_feather3":3,"ae2:mysterious_cube":1,"soulsweapons:moonstone_ore_deepslate":9,"minecraft:bookshelf":56,"minecraft:potatoes":7,"modern_industrialization:deepslate_monazite_ore":1,"minecraft:deepslate_iron_ore":73,"bewitchment:salt_ore":1,"regions_unexplored:ash_vent":2,"ae2:sky_stone_block":42,"minecraft:stone":471,"fastpaintings:painting":1,"regions_unexplored:redstone_bulb":1,"minecraft:smithing_table":2,"techreborn:deepslate_silver_ore":2,"winterly:icicle":1,"minecraft:oak_fence":3,"minecraft:basalt":1,"travelersbackpack:standard":1,"minecraft:crafting_table":6,"modern_industrialization:lead_ore":21,"regions_unexplored:volcanic_ash":1,"regions_unexplored:silt_dirt":5,"minecraft:lectern":2,"twigs:petrified_lichen":1,"modern_industrialization:nickel_ore":6,"minecraft:copper_ore":20,"minecraft:deepslate_gold_ore":69,"minecraft:sculk":14,"minecraft:diorite":68,"bewitchment:mandrake":1,"techreborn:tin_ore":45,"supplementaries:urn":26,"ae2:flawless_budding_quartz":3,"jewelry:deepslate_gem_vein":2,"minecraft:cobblestone_wall":2,"techreborn:ruby_ore":6,"regions_unexplored:redstone_bud":1,"modern_industrialization:antimony_ore":2,"minecraft:ice":1,"minecraft:birch_leaves":1,"minecraft:coal_ore":215,"minecraft:zombie_head":2,"minecraft:gravel":41,"minecraft:gray_carpet":1,"minecraft:polished_andesite":9,"minecraft:stone_bricks":1},"minecraft:crafted":{"minecraft:smooth_stone":3,"minecraft:oak_planks":2264,"ironchests:iron_chest_upgrade":1,"minecraft:cooked_chicken":2,"minecraft:stone":17,"minecraft:bookshelf":41,"minecraft:cooked_mutton":27,"minecraft:glass":64,"minecraft:diamond_helmet":1,"minecraft:diamond_leggings":1,"minecraft:iron_boots":1,"minecraft:chest":10,"ironchests:gold_chest_upgrade":1,"travelersbackpack:iron_tier_upgrade":2,"minecraft:emerald":130,"minecraft:cooked_porkchop":22,"minecraft:crafting_table":1,"minecraft:wooden_pickaxe":1,"travelersbackpack:standard":4,"runes:fire_stone":62,"minecraft:smithing_table":1,"mcda:entertainer_garb_helmet":1,"minecraft:copper_ingot":13,"minecraft:birch_planks":504,"minecraft:iron_chestplate":1,"minecraft:book":8,"minecraft:paper":15,"minecraft:diamond_pickaxe":1,"minecraft:shield":1,"techreborn:silver_ingot":28,"minecraft:stick":3340,"minecraft:iron_ingot":180,"minecraft:iron_pickaxe":2,"minecraft:iron_block":7,"minecraft:gold_ingot":138,"jewelry:sapphire_necklace":1,"minecraft:netherite_ingot":8,"minecraft:shears":1,"travelersbackpack:hay":2,"minecraft:raw_iron":72,"minecraft:stone_shovel":1,"minecraft:iron_nugget":9,"minecraft:diamond_hoe":8,"comforts:sleeping_bag_white":1,"minecraft:furnace":3,"minecraft:blast_furnace":1,"travelersbackpack:blank_upgrade":4,"travelersbackpack:gold_tier_upgrade":2,"minecraft:diamond":54,"ironchests:blank_chest_upgrade":2,"minecraft:polished_diorite":12,"minecraft:ladder":18,"minecraft:stone_pickaxe":17,"minecraft:diamond_boots":1,"mcdw:pick_diamond_pickaxe_var":1,"travelersbackpack:diamond_tier_upgrade":1,"minecraft:wheat":315,"minecraft:cooked_beef":16,"ironchests:copper_chest_upgrade":1,"minecraft:enchanting_table":1,"travelersbackpack:backpack_tank":2,"minecraft:bucket":2,"minecraft:stone_axe":6,"mcdw:sword_katana":2,"minecraft:bread":111,"minecraft:air":0,"minecraft:golden_apple":17,"minecraft:raw_gold":27,"minecraft:oak_stairs":68,"minecraft:anvil":1,"minecraft:stonecutter":1,"minecraft:white_bed":1,"spell_engine:spell_binding":1,"minecraft:torch":44,"mcdw:sword_masters_katana":3,"minecraft:diamond_chestplate":2,"adventurez:cooked_venison":2},"minecraft:picked_up":{"techreborn:deepslate_galena_ore":26,"techreborn:raw_tin":46,"minecraft:wheat":14,"minecraft:anvil":1,"regions_unexplored:larch_planks":106,"minecraft:flower_pot":1,"minecraft:smithing_table":2,"regions_unexplored:silt_dirt":7,"minecraft:oak_stairs":116,"soulsweapons:moonstone":9,"minecraft:potion":1,"minecraft:gilded_blackstone":148,"minecraft:brewing_stand":1,"minecraft:amethyst_block":1,"minecraft:string":40,"minecraft:dark_oak_trapdoor":1,"minecraft:waxed_cut_copper_slab":1,"minecraft:soul_soil":1,"minecraft:raw_copper":68,"minecraft:smooth_stone_slab":1,"minecraft:zombie_head":2,"minecraft:beetroot":1,"minecraft:sea_pickle":3,"minecraft:smooth_stone":17,"minecraft:gold_nugget":64,"minecraft:cobbled_deepslate":929,"bosses_of_mass_destruction:soul_star":6,"twigs:pebble":32,"modern_industrialization:raw_uranium":7,"regions_unexplored:larch_log":521,"minecraft:rose_bush":1,"minecraft:written_book":1,"minecraft:ender_eye":4,"minecraft:calcite":1,"ae2:flawed_budding_quartz":3,"minecraft:furnace":4,"minecraft:stick":37,"minecraft:oak_fence":6,"minecraft:torch":23,"minecraft:porkchop":39,"regions_unexplored:raw_redstone_block":1,"minecraft:diorite":68,"mcda:entertainer_garb_helmet":1,"minecraft:waxed_cut_copper_stairs":3,"ae2:sky_stone_block":42,"mutantmonsters:hulk_hammer":1,"minecraft:rotten_flesh":133,"croptopia:persimmon":14,"create:asurine":1,"minecraft:cyan_terracotta":3,"minecraft:glowstone":1,"bewitchment:mandrake_root":1,"immersive_melodies:flute":1,"supplementaries:ash":24,"minecraft:obsidian":11,"adventurez:orc_skin":3,"regions_unexplored:golden_larch_sapling":4,"minecraft:cobblestone":593,"minecraft:birch_log":278,"minecraft:andesite":34,"minecraft:smoker":1,"minecraft:potato":29,"minecraft:flint":10,"minecraft:tuff":116,"create:raw_zinc":55,"minecraft:warped_trapdoor":3,"spellbladenext:fire_blade":2,"ae2:damaged_budding_quartz":1,"minecraft:lapis_lazuli":51,"minecraft:dirt":158,"minecraft:bone":113,"minecraft:bow":2,"minecraft:wheat_seeds":43,"adventurez:raw_venison":2,"minecraft:raw_gold":68,"jewelry:sapphire":2,"ae2:logic_processor_press":1,"fishofthieves:earthworms":78,"modern_industrialization:bauxite_dust":4,"minecraft:moss_block":1,"twigs:twig":276,"minecraft:oak_planks":59,"minecraft:black_terracotta":3,"minecraft:cooked_porkchop":3,"minecraft:poisonous_potato":1,"archon:earth_gem":3,"techreborn:raw_lead":6,"fishofthieves:pondie":3,"regions_unexplored:larch_door":4,"minecraft:sand":105,"minecraft:grass_block":1,"ae2:quartz_block":5,"techreborn:sapphire_gem":8,"techreborn:red_garnet_gem":2,"minecraft:barrel":1,"minecraft:mossy_cobblestone":4,"indrev:sulfur_crystal":16,"techreborn:peridot_gem":4,"minecraft:polished_andesite":9,"minecraft:white_candle":8,"artifacts:golden_hook":1,"minecraft:diamond":23,"minecraft:granite":15,"minecraft:golden_apple":5,"frostiful:wolf_fur_tuft":1,"soulsweapons:verglas":3,"minecraft:bread":1,"minecraft:emerald":6,"modern_industrialization:salt_dust":1,"indrev:nikolite_dust":47,"minecraft:oak_sapling":182,"botania:brown_mushroom":1,"minecraft:charcoal":2,"minecraft:waxed_oxidized_cut_copper":3,"minecraft:crafting_table":6,"modern_industrialization:lignite_coal":135,"travelersbackpack:hay":1,"things:gleaming_powder":1,"minecraft:chicken":1,"minecraft:ladder":8,"minecraft:brown_mushroom":1,"friendsandfoes:totem_of_illusion":2,"ae2:silicon_press":1,"ad_astra:sky_stone":1,"immersive_armors:warrior_boots":1,"minecraft:moss_carpet":30,"immersive_melodies:lute":1,"minecraft:netherite_scrap":10,"minecraft:item_frame":1,"minecraft:blackstone":3,"graveyard:corruption":9,"techreborn:raw_silver":28,"minecraft:beef":13,"minecraft:player_head":1,"minecraft:poppy":4,"minecraft:light_gray_wool":1,"minecraft:spruce_slab":6,"minecraft:lectern":3,"minecraft:chest":6,"minecraft:birch_sapling":28,"spellbladenext:arcane_blade":2,"minecraft:raw_iron":101,"regions_unexplored:ash_vent":2,"minecraft:oak_door":2,"minecraft:glow_item_frame":8,"promenade:asphalt":1,"regions_unexplored:volcanic_ash":1,"techreborn:ruby_gem":7,"minecraft:cake":1,"minecraft:carrot":12,"minecraft:redstone":100,"minecraft:dark_oak_planks":2,"minecraft:tnt":4,"minecraft:arrow":59,"bewitchment:garlic":3,"minecraft:diamond_chestplate":1,"regions_unexplored:redstone_bulb":1,"minecraft:beetroot_seeds":2,"minecraft:peony":2,"minecraft:hay_block":42,"minecraft:stripped_dark_oak_wood":3,"minecraft:saddle":2,"ae2:calculation_processor_press":1,"minecraft:mutton":15,"minecraft:skeleton_skull":3,"minecraft:white_wool":9,"modern_industrialization:raw_antimony":1,"minecraft:mud_bricks":19,"minecraft:basalt":1,"minecraft:leather":14,"minecraft:red_mushroom":2,"minecraft:packed_mud":3,"fishofthieves:grubs":4,"immersive_melodies:bagpipe":1,"minecraft:oak_log":914,"minecraft:cobblestone_wall":5,"minecraft:gunpowder":20,"minecraft:cobblestone_stairs":3,"mythicmounts:firebird_feather3":10,"bewitchment:aconite_seeds":1,"naturalist:glow_goop":1,"regions_unexplored:large_prismarite_cluster":1,"minecraft:apple":21,"minecraft:gray_carpet":1,"bewitchment:mandrake_seeds":3,"minecraft:iron_ingot":9,"artifacts:whoopee_cushion":1,"regions_unexplored:larch_sapling":137,"techreborn:deepslate_bauxite_ore":12,"minecraft:glass_bottle":3,"minecraft:iron_sword":1,"minecraft:book":240,"minecraft:polished_andesite_stairs":1,"modern_industrialization:raw_tungsten":8,"minecraft:dark_oak_slab":2,"croptopia:apricot":17,"minecraft:pumpkin":9,"minecraft:dandelion":2,"minecraft:gravel":38,"bewitchment:belladonna_seeds":1,"powah:uraninite_raw":26,"bewitchment:salt":2,"minecraft:spider_eye":4,"modern_industrialization:monazite_dust":1,"travelersbackpack:standard":1,"winterly:icicle":1,"minecraft:diamond_shovel":1,"minecraft:pumpkin_seeds":1,"modern_industrialization:raw_nickel":6,"minecraft:slime_ball":12,"minecraft:stone_axe":1,"minecraft:diamond_axe":1,"minecraft:painting":2,"ae2:engineering_processor_press":1,"modern_industrialization:raw_lead":21,"minecraft:coal":234,"minecraft:ender_pearl":1},"minecraft:killed_by":{"minecraft:wither_skeleton":1,"minecraft:skeleton":6,"spellbladenext:magister":1},"minecraft:dropped":{"modern_industrialization:bauxite_dust":4,"minecraft:oak_log":6,"minecraft:glass_bottle":4,"minecraft:glow_item_frame":1,"fishofthieves:pondie":3,"minecraft:leather":1,"techreborn:deepslate_galena_ore":16,"minecraft:red_mushroom":2,"minecraft:cobblestone_stairs":1,"bewitchment:aconite_seeds":1,"immersive_armors:warrior_boots":1,"twigs:pebble":10,"minecraft:cyan_terracotta":1,"minecraft:packed_mud":2,"minecraft:dirt":9,"techreborn:raw_tin":1,"modern_industrialization:raw_nickel":6,"minecraft:stripped_dark_oak_wood":3,"regions_unexplored:large_prismarite_cluster":1,"beachparty:rubber_ring_pelican":1,"minecraft:dark_oak_planks":2,"minecraft:birch_log":11,"winterly:icicle":1,"twigs:twig":3,"regions_unexplored:redstone_bulb":1,"bewitchment:belladonna_seeds":1,"modern_industrialization:salt_dust":1,"minecraft:bone":1,"minecraft:oak_door":1,"minecraft:gravel":7,"minecraft:stone_axe":2,"regions_unexplored:raw_redstone_block":1,"minecraft:waxed_cut_copper_stairs":3,"minecraft:blackstone":3,"bewitchment:salt":2,"minecraft:cobbled_deepslate":3,"minecraft:wheat":2,"soulsweapons:moonstone":1,"minecraft:black_terracotta":2,"minecraft:rotten_flesh":53,"minecraft:oak_planks":41,"minecraft:white_candle":4,"botania:brown_mushroom":1,"create:asurine":1,"mcda:entertainer_garb_helmet":1,"bosses_of_mass_destruction:soul_star":1,"minecraft:poppy":2,"supplementaries:ash":18,"minecraft:skeleton_skull":1,"minecraft:beetroot_seeds":2,"minecraft:chest":1,"minecraft:ladder":2,"modern_industrialization:lignite_coal":7,"minecraft:painting":2,"modern_industrialization:raw_antimony":1,"minecraft:spruce_slab":4,"minecraft:arrow":5,"minecraft:lectern":2,"minecraft:wheat_seeds":6,"minecraft:mossy_cobblestone":3,"minecraft:oak_fence":6,"minecraft:cobblestone":3,"minecraft:book":8,"artifacts:whoopee_cushion":1,"minecraft:granite":3,"techreborn:deepslate_bauxite_ore":8,"modern_industrialization:monazite_dust":1,"minecraft:coal":31,"minecraft:stick":26,"minecraft:polished_andesite":1,"ad_astra:sky_stone":1,"minecraft:diorite":17,"minecraft:torch":1,"minecraft:rose_bush":1,"minecraft:zombie_head":2,"minecraft:potion":1,"minecraft:iron_leggings":1,"minecraft:string":26,"minecraft:furnace":2,"minecraft:moss_carpet":14,"regions_unexplored:larch_log":10,"techreborn:red_garnet_gem":2,"minecraft:raw_copper":11,"minecraft:stone_sword":1,"minecraft:cobblestone_wall":5,"simplyswords:gold_warglaive":2,"minecraft:tuff":12,"minecraft:stone_shovel":1,"minecraft:iron_boots":1,"minecraft:pumpkin_seeds":1,"minecraft:mud_bricks":5,"fishofthieves:earthworms":2,"minecraft:diamond_chestplate":1,"minecraft:peony":2,"minecraft:andesite":7,"minecraft:oak_sapling":1,"minecraft:waxed_oxidized_cut_copper":3,"minecraft:golden_sword":1,"minecraft:spider_eye":3,"minecraft:bow":1,"minecraft:wooden_pickaxe":1,"minecraft:calcite":1,"regions_unexplored:silt_dirt":7},"minecraft:broken":{"minecraft:iron_boots":2,"minecraft:iron_chestplate":1,"mcdw:sword_masters_katana":1,"minecraft:stone_pickaxe":7,"minecraft:diamond_boots":1,"minecraft:diamond_chestplate":1,"minecraft:diamond_leggings":1,"simplyswords:iron_longsword":1,"minecraft:iron_pickaxe":2,"minecraft:iron_helmet":1,"mcdw:pick_diamond_pickaxe_var":1},"minecraft:used":{"minecraft:spruce_slab":2,"minecraft:ladder":21,"minecraft:diamond_hoe":2,"minecraft:chest":13,"minecraft:shield":37,"ironchests:iron_chest_upgrade":1,"minecraft:iron_sword":194,"simplyswords:gold_warglaive":2,"minecraft:white_candle":4,"travelersbackpack:hay":29,"minecraft:carrot":1,"minecraft:tuff":5,"minecraft:cyan_terracotta":2,"mythicmounts:firebird_feather3":3,"friendsandfoes:totem_of_illusion":2,"minecraft:lantern":4,"minecraft:birch_sapling":25,"minecraft:packed_mud":1,"simplyswords:iron_longsword":213,"minecraft:dark_oak_slab":2,"regions_unexplored:ash_vent":2,"minecraft:bow":5,"minecraft:written_book":1,"minecraft:oak_sapling":150,"minecraft:furnace":4,"minecraft:skeleton_skull":1,"regions_unexplored:volcanic_ash":1,"minecraft:diorite":15,"adventurez:cooked_venison":2,"minecraft:stone_pickaxe":892,"minecraft:oak_planks":524,"minecraft:wooden_pickaxe":8,"minecraft:diamond_axe":997,"spell_engine:spell_binding":1,"minecraft:dark_oak_trapdoor":1,"minecraft:golden_apple":31,"minecraft:blast_furnace":1,"minecraft:crossbow":4,"minecraft:shears":1,"mcdw:sword_masters_katana":1093,"minecraft:black_terracotta":1,"minecraft:firework_rocket":5,"minecraft:bread":82,"minecraft:gravel":20,"regions_unexplored:larch_door":5,"minecraft:smithing_table":3,"minecraft:andesite":27,"minecraft:smooth_stone_slab":1,"minecraft:experience_bottle":6,"minecraft:enchanting_table":1,"minecraft:stone_sword":130,"minecraft:flint_and_steel":2,"mcdw:pick_diamond_pickaxe_var":1561,"minecraft:stone_shovel":37,"bewitchment:mandrake_seeds":3,"minecraft:cooked_chicken":2,"promenade:asphalt":1,"minecraft:anvil":2,"minecraft:torch":67,"minecraft:brewing_stand":1,"minecraft:dirt":12,"techreborn:deepslate_galena_ore":2,"minecraft:granite":12,"minecraft:bookshelf":41,"minecraft:iron_block":4,"minecraft:oak_stairs":245,"minecraft:mud_bricks":14,"minecraft:barrel":2,"minecraft:glowstone":1,"minecraft:light_gray_wool":1,"minecraft:golden_carrot":16,"regions_unexplored:larch_planks":81,"minecraft:cooked_beef":13,"minecraft:pumpkin":6,"minecraft:cobbled_deepslate":395,"minecraft:wheat_seeds":24,"minecraft:cooked_mutton":17,"minecraft:water_bucket":6,"minecraft:cobblestone_stairs":2,"minecraft:glass_bottle":1,"minecraft:polished_andesite":8,"ironchests:gold_chest_upgrade":1,"minecraft:stonecutter":1,"minecraft:glow_item_frame":7,"minecraft:mossy_cobblestone":1,"minecraft:tnt":2,"minecraft:crafting_table":7,"minecraft:white_bed":1,"bosses_of_mass_destruction:soul_star":1,"minecraft:cake":3,"minecraft:oak_log":5,"minecraft:flower_pot":1,"minecraft:diamond_shovel":108,"minecraft:diamond_pickaxe":196,"ironchests:copper_chest_upgrade":1,"minecraft:iron_pickaxe":400,"mcdw:sword_katana":41,"simplyswords:livyatan":1453,"minecraft:stone_axe":61,"minecraft:cobblestone":427,"minecraft:potion":2,"travelersbackpack:standard":4,"minecraft:cooked_porkchop":25,"minecraft:bucket":6,"minecraft:dandelion":1,"minecraft:splash_potion":1,"minecraft:smooth_stone":17},"minecraft:custom":{"lootr:looted_stat":92,"minecraft:interact_with_crafting_table":99,"minecraft:open_barrel":254,"minecraft:bell_ring":1,"minecraft:eat_cake_slice":3,"minecraft:leave_game":17,"minecraft:time_since_death":146997,"minecraft:damage_resisted":260,"minecraft:sprint_one_cm":941654,"minecraft:damage_blocked_by_shield":2283,"minecraft:drop":166,"minecraft:play_noteblock":2,"minecraft:talked_to_villager":163,"minecraft:play_time":694963,"minecraft:deaths":9,"minecraft:jump":6056,"minecraft:interact_with_brewingstand":3,"minecraft:walk_on_water_one_cm":67084,"minecraft:interact_with_furnace":43,"minecraft:traded_with_villager":127,"minecraft:interact_with_cartography_table":2,"minecraft:sleep_in_bed":7,"minecraft:open_enderchest":1,"minecraft:damage_dealt":92337,"minecraft:player_kills":6,"minecraft:crouch_one_cm":314473,"minecraft:interact_with_smoker":21,"minecraft:use_cauldron":2,"minecraft:inspect_dispenser":1,"minecraft:horse_one_cm":216926,"minecraft:interact_with_smithing_table":14,"minecraft:interact_with_anvil":11,"minecraft:mob_kills":532,"minecraft:damage_dealt_resisted":22176,"minecraft:climb_one_cm":75886,"minecraft:walk_one_cm":1623797,"minecraft:sneak_time":98964,"minecraft:walk_under_water_one_cm":79023,"minecraft:interact_with_blast_furnace":35,"minecraft:total_world_time":694963,"minecraft:tune_noteblock":1,"minecraft:pot_flower":1,"minecraft:interact_with_stonecutter":1,"minecraft:hex":8,"minecraft:time_since_rest":147022,"minecraft:damage_taken":15626,"minecraft:damage_absorbed":1013,"minecraft:swim_one_cm":60517,"minecraft:fly_one_cm":1022760,"minecraft:open_chest":282,"minecraft:threat":21,"minecraft:fall_one_cm":155931},"minecraft:killed":{"minecraft:spider":16,"naturalist:boar":1,"minecraft:skeleton":75,"minecraft:chicken":1,"minecraft:illusioner":2,"artifacts:mimic":2,"minecraft:pig":17,"minecraft:zombie_villager":2,"naturalist:firefly":2,"minecraft:iron_golem":2,"minecraft:creeper":11,"minecraft:sheep":10,"bewitchment:owl":1,"tinyskeletons:baby_skeleton":1,"minecraft:zombie":240,"mutantmonsters:mutant_creeper":1,"minecraft:cow":8,"graveyard:nightmare":1,"graveyard:revenant":19,"fishofthieves:pondie":1,"bewitchment:ghost":1,"minecraft:phantom":2,"spellbladenext:magister":5,"mythicmobs:chupacabra":1,"adventurez:orc":2,"minecraft:husk":56,"graveyard:ghoul":5,"minecraft:bat":5,"minecraft:ravager":3,"mythicmobs:drake":1,"promenade:lush_creeper":1,"adventurez:deer":1,"mutantmonsters:creeper_minion":5,"mutantmonsters:mutant_zombie":1,"minecraft:wither_skeleton":24,"minecraft:player":6,"minecraft:enderman":2}},"DataVersion":3465}