{"stats":{"minecraft:picked_up":{"techreborn:raw_tin":15,"modern_industrialization:lignite_coal":74,"minecraft:crafting_table":6,"minecraft:chicken":1,"minecraft:ladder":2,"minecraft:string":2,"minecraft:raw_copper":68,"techreborn:raw_silver":2,"minecraft:cobbled_deepslate":808,"twigs:pebble":17,"minecraft:beef":10,"minecraft:poppy":2,"minecraft:chest":1,"minecraft:furnace":1,"minecraft:raw_iron":27,"techreborn:ruby_gem":2,"minecraft:porkchop":36,"regions_unexplored:raw_redstone_block":1,"minecraft:diorite":6,"minecraft:redstone":100,"regions_unexplored:redstone_bulb":1,"croptopia:persimmon":14,"minecraft:arrow":1,"minecraft:rotten_flesh":4,"minecraft:hay_block":18,"minecraft:mutton":14,"minecraft:cobblestone":235,"minecraft:white_wool":9,"modern_industrialization:raw_antimony":1,"minecraft:andesite":12,"minecraft:leather":11,"minecraft:flint":8,"minecraft:tuff":114,"minecraft:oak_log":54,"bewitchment:aconite_seeds":1,"minecraft:dirt":16,"minecraft:bone":3,"minecraft:apple":5,"minecraft:raw_gold":12,"minecraft:iron_ingot":3,"twigs:twig":23,"minecraft:cooked_porkchop":1,"croptopia:apricot":17,"minecraft:gravel":33,"bewitchment:salt":2,"techreborn:sapphire_gem":6,"minecraft:barrel":1,"techreborn:peridot_gem":2,"travelersbackpack:standard":1,"winterly:icicle":1,"minecraft:diamond":12,"minecraft:granite":3,"modern_industrialization:raw_lead":4,"modern_industrialization:salt_dust":1,"minecraft:oak_sapling":17,"minecraft:coal":134},"minecraft:dropped":{"minecraft:granite":3,"bewitchment:aconite_seeds":1,"twigs:pebble":10,"regions_unexplored:redstone_bulb":1,"modern_industrialization:salt_dust":1,"minecraft:gravel":7,"regions_unexplored:raw_redstone_block":1,"bewitchment:salt":2,"minecraft:stone_sword":1,"minecraft:tuff":12,"minecraft:rotten_flesh":4,"minecraft:oak_planks":41,"minecraft:poppy":2,"minecraft:andesite":7,"minecraft:ladder":1,"minecraft:wooden_pickaxe":1},"minecraft:broken":{"minecraft:stone_pickaxe":5,"minecraft:iron_pickaxe":1},"minecraft:mined":{"techreborn:sapphire_ore":3,"minecraft:tuff":116,"minecraft:deepslate_diamond_ore":12,"croptopia:persimmon_crop":5,"minecraft:granite":3,"minecraft:ladder":1,"minecraft:grass_block":4,"modern_industrialization:lignite_coal_ore":77,"regions_unexplored:raw_redstone_block":1,"minecraft:hay_block":18,"minecraft:redstone_ore":6,"minecraft:furnace":1,"minecraft:iron_ore":2,"minecraft:cobbled_deepslate":12,"minecraft:andesite":12,"treechop:chopped_log":10,"minecraft:deepslate_iron_ore":25,"bewitchment:salt_ore":1,"minecraft:stone":214,"regions_unexplored:redstone_bulb":1,"minecraft:deepslate_redstone_ore":16,"winterly:icicle":1,"travelersbackpack:standard":1,"minecraft:crafting_table":6,"modern_industrialization:lead_ore":4,"minecraft:chest":1,"minecraft:copper_ore":20,"minecraft:cobblestone":20,"minecraft:deepslate_gold_ore":12,"minecraft:diorite":6,"techreborn:tin_ore":15,"techreborn:silver_ore":2,"regions_unexplored:redstone_bud":1,"techreborn:ruby_ore":2,"modern_industrialization:antimony_ore":1,"croptopia:apricot_crop":9,"minecraft:grass":5,"minecraft:oak_log":7,"minecraft:coal_ore":121,"modern_industrialization:salt_ore":1,"minecraft:gravel":41,"minecraft:dirt":12,"minecraft:deepslate":806},"minecraft:killed":{"minecraft:spider":1,"minecraft:skeleton":2,"minecraft:chicken":1,"minecraft:pig":17,"minecraft:iron_golem":1,"minecraft:sheep":10,"bewitchment:owl":1,"minecraft:zombie":5,"minecraft:cow":7},"minecraft:crafted":{"minecraft:oak_planks":128,"minecraft:smooth_stone":3,"minecraft:stone_shovel":1,"minecraft:iron_nugget":9,"comforts:sleeping_bag_white":1,"minecraft:cooked_chicken":1,"minecraft:furnace":2,"minecraft:blast_furnace":1,"minecraft:stone":3,"minecraft:cooked_mutton":14,"ironchests:blank_chest_upgrade":1,"minecraft:iron_boots":1,"minecraft:ladder":15,"minecraft:stone_pickaxe":17,"minecraft:chest":4,"mcdw:pick_diamond_pickaxe_var":1,"minecraft:wheat":162,"minecraft:cooked_beef":13,"ironchests:gold_chest_upgrade":1,"ironchests:copper_chest_upgrade":1,"minecraft:cooked_porkchop":22,"minecraft:crafting_table":1,"minecraft:wooden_pickaxe":1,"travelersbackpack:standard":1,"minecraft:copper_ingot":13,"minecraft:stone_axe":1,"mcdw:sword_katana":2,"minecraft:bread":54,"minecraft:air":0,"minecraft:iron_chestplate":1,"minecraft:stick":102,"minecraft:iron_pickaxe":1,"minecraft:iron_ingot":27,"minecraft:gold_ingot":12,"minecraft:white_bed":1,"minecraft:torch":20,"mcdw:sword_masters_katana":3},"minecraft:custom":{"lootr:looted_stat":2,"minecraft:mob_kills":45,"minecraft:interact_with_crafting_table":47,"minecraft:open_barrel":35,"minecraft:damage_dealt_resisted":0,"minecraft:leave_game":4,"minecraft:time_since_death":141735,"minecraft:climb_one_cm":36266,"minecraft:sprint_one_cm":136554,"minecraft:walk_one_cm":263671,"minecraft:damage_blocked_by_shield":1060,"minecraft:drop":17,"minecraft:talked_to_villager":7,"minecraft:play_time":141735,"minecraft:sneak_time":35489,"minecraft:walk_under_water_one_cm":35768,"minecraft:jump":1142,"minecraft:interact_with_blast_furnace":8,"minecraft:walk_on_water_one_cm":21039,"minecraft:total_world_time":141735,"minecraft:interact_with_furnace":11,"minecraft:sleep_in_bed":3,"minecraft:hex":0,"minecraft:time_since_rest":83233,"minecraft:damage_taken":1413,"minecraft:damage_dealt":5480,"minecraft:swim_one_cm":24114,"minecraft:fly_one_cm":156925,"minecraft:open_chest":35,"minecraft:crouch_one_cm":79872,"minecraft:interact_with_smoker":16,"minecraft:fall_one_cm":23190},"minecraft:used":{"minecraft:stone_sword":130,"mcdw:pick_diamond_pickaxe_var":622,"minecraft:stone_shovel":30,"minecraft:ladder":16,"minecraft:chest":4,"minecraft:shield":17,"minecraft:cooked_chicken":1,"minecraft:torch":7,"minecraft:tuff":3,"minecraft:barrel":2,"minecraft:furnace":2,"minecraft:cobbled_deepslate":58,"minecraft:diorite":6,"minecraft:stone_pickaxe":684,"minecraft:wooden_pickaxe":8,"minecraft:crafting_table":7,"minecraft:blast_furnace":1,"minecraft:white_bed":1,"mcdw:sword_masters_katana":16,"ironchests:copper_chest_upgrade":1,"minecraft:bread":17,"minecraft:iron_pickaxe":200,"mcdw:sword_katana":41,"minecraft:gravel":20,"minecraft:stone_axe":61,"minecraft:cobblestone":90,"travelersbackpack:standard":2,"minecraft:cooked_porkchop":8,"minecraft:andesite":5}},"DataVersion":3465}