{"stats":{"minecraft:picked_up":{"techreborn:deepslate_galena_ore":26,"techreborn:raw_tin":46,"minecraft:smithing_table":2,"regions_unexplored:silt_dirt":7,"minecraft:oak_stairs":3,"soulsweapons:moonstone":9,"minecraft:string":12,"minecraft:raw_copper":68,"minecraft:smooth_stone_slab":1,"minecraft:zombie_head":2,"minecraft:smooth_stone":17,"minecraft:cobbled_deepslate":905,"bosses_of_mass_destruction:soul_star":3,"twigs:pebble":17,"modern_industrialization:raw_uranium":7,"minecraft:furnace":4,"minecraft:stick":24,"minecraft:torch":19,"minecraft:porkchop":36,"minecraft:diorite":32,"regions_unexplored:raw_redstone_block":1,"minecraft:rotten_flesh":84,"croptopia:persimmon":14,"create:asurine":1,"minecraft:cyan_terracotta":3,"supplementaries:ash":24,"minecraft:obsidian":6,"minecraft:cobblestone":553,"minecraft:birch_log":126,"minecraft:andesite":34,"minecraft:potato":1,"minecraft:flint":8,"minecraft:tuff":116,"create:raw_zinc":44,"minecraft:lapis_lazuli":51,"minecraft:dirt":20,"minecraft:bone":46,"minecraft:bow":2,"minecraft:raw_gold":68,"jewelry:sapphire":2,"fishofthieves:earthworms":2,"modern_industrialization:bauxite_dust":4,"minecraft:moss_block":1,"twigs:twig":77,"minecraft:oak_planks":1,"minecraft:cooked_porkchop":1,"techreborn:raw_lead":6,"fishofthieves:pondie":3,"archon:earth_gem":3,"minecraft:barrel":1,"techreborn:red_garnet_gem":2,"techreborn:sapphire_gem":8,"minecraft:mossy_cobblestone":3,"indrev:sulfur_crystal":16,"techreborn:peridot_gem":4,"minecraft:white_candle":8,"minecraft:polished_andesite":9,"minecraft:diamond":23,"artifacts:golden_hook":1,"minecraft:granite":15,"soulsweapons:verglas":3,"minecraft:emerald":5,"minecraft:oak_sapling":82,"modern_industrialization:salt_dust":1,"indrev:nikolite_dust":47,"botania:brown_mushroom":1,"modern_industrialization:lignite_coal":135,"minecraft:crafting_table":6,"travelersbackpack:hay":1,"things:gleaming_powder":1,"minecraft:chicken":1,"minecraft:ladder":3,"immersive_armors:warrior_boots":1,"minecraft:moss_carpet":9,"techreborn:raw_silver":28,"graveyard:corruption":7,"minecraft:beef":10,"minecraft:poppy":2,"minecraft:chest":1,"minecraft:birch_sapling":12,"minecraft:raw_iron":101,"regions_unexplored:ash_vent":2,"promenade:asphalt":1,"regions_unexplored:volcanic_ash":1,"techreborn:ruby_gem":7,"minecraft:redstone":100,"minecraft:arrow":15,"regions_unexplored:redstone_bulb":1,"minecraft:hay_block":18,"minecraft:mutton":14,"minecraft:skeleton_skull":2,"minecraft:white_wool":9,"modern_industrialization:raw_antimony":1,"minecraft:basalt":1,"minecraft:leather":11,"minecraft:oak_log":333,"minecraft:gunpowder":10,"minecraft:cobblestone_stairs":3,"bewitchment:aconite_seeds":1,"regions_unexplored:large_prismarite_cluster":1,"minecraft:apple":10,"minecraft:iron_ingot":6,"artifacts:whoopee_cushion":1,"techreborn:deepslate_bauxite_ore":12,"minecraft:iron_sword":1,"minecraft:book":8,"minecraft:polished_andesite_stairs":1,"modern_industrialization:raw_tungsten":8,"croptopia:apricot":17,"minecraft:gravel":33,"bewitchment:salt":2,"powah:uraninite_raw":26,"minecraft:spider_eye":2,"modern_industrialization:monazite_dust":1,"travelersbackpack:standard":1,"winterly:icicle":1,"modern_industrialization:raw_nickel":6,"minecraft:slime_ball":12,"minecraft:stone_axe":1,"modern_industrialization:raw_lead":21,"minecraft:coal":190},"minecraft:killed_by":{"minecraft:skeleton":1},"minecraft:dropped":{"modern_industrialization:bauxite_dust":4,"fishofthieves:pondie":3,"techreborn:deepslate_galena_ore":16,"minecraft:cobblestone_stairs":1,"bewitchment:aconite_seeds":1,"immersive_armors:warrior_boots":1,"twigs:pebble":10,"minecraft:cyan_terracotta":1,"modern_industrialization:raw_nickel":6,"techreborn:raw_tin":1,"regions_unexplored:large_prismarite_cluster":1,"winterly:icicle":1,"regions_unexplored:redstone_bulb":1,"modern_industrialization:salt_dust":1,"minecraft:gravel":7,"regions_unexplored:raw_redstone_block":1,"minecraft:stone_axe":2,"bewitchment:salt":2,"minecraft:cobbled_deepslate":3,"soulsweapons:moonstone":1,"minecraft:rotten_flesh":43,"minecraft:oak_planks":41,"minecraft:white_candle":4,"botania:brown_mushroom":1,"create:asurine":1,"minecraft:poppy":2,"supplementaries:ash":18,"minecraft:skeleton_skull":1,"minecraft:ladder":1,"modern_industrialization:lignite_coal":7,"modern_industrialization:raw_antimony":1,"minecraft:arrow":1,"minecraft:mossy_cobblestone":2,"minecraft:cobblestone":1,"minecraft:book":8,"artifacts:whoopee_cushion":1,"techreborn:deepslate_bauxite_ore":8,"minecraft:granite":3,"modern_industrialization:monazite_dust":1,"minecraft:coal":25,"minecraft:stick":24,"minecraft:polished_andesite":1,"minecraft:diorite":17,"minecraft:torch":1,"minecraft:zombie_head":2,"minecraft:iron_leggings":1,"minecraft:furnace":2,"minecraft:moss_carpet":4,"techreborn:red_garnet_gem":2,"minecraft:stone_sword":1,"minecraft:raw_copper":11,"simplyswords:gold_warglaive":1,"minecraft:tuff":12,"minecraft:stone_shovel":1,"minecraft:iron_boots":1,"fishofthieves:earthworms":2,"minecraft:andesite":7,"minecraft:spider_eye":1,"minecraft:bow":1,"minecraft:wooden_pickaxe":1,"regions_unexplored:silt_dirt":7},"minecraft:broken":{"minecraft:iron_boots":2,"minecraft:iron_chestplate":1,"mcdw:sword_masters_katana":1,"minecraft:stone_pickaxe":7,"simplyswords:iron_longsword":1,"minecraft:iron_pickaxe":2,"minecraft:iron_helmet":1},"minecraft:mined":{"create:deepslate_zinc_ore":8,"minecraft:oak_sapling":5,"minecraft:cobblestone_stairs":3,"minecraft:obsidian":6,"minecraft:granite":15,"minecraft:grass_block":4,"modern_industrialization:deepslate_lead_ore":3,"modern_industrialization:lignite_coal_ore":139,"minecraft:spawner":15,"minecraft:smooth_stone":17,"minecraft:mossy_cobblestone_slab":1,"modern_industrialization:tungsten_ore":1,"minecraft:sculk_catalyst":1,"minecraft:iron_ore":24,"minecraft:cobbled_deepslate":18,"minecraft:deepslate_lapis_ore":8,"create:asurine":1,"minecraft:sculk_shrieker":1,"minecraft:oak_stairs":3,"powah:uraninite_ore_poor":9,"regions_unexplored:silt_grass_block":2,"create:veridium":13,"techreborn:deepslate_galena_ore":10,"minecraft:deepslate_redstone_ore":16,"techreborn:deepslate_bauxite_ore":4,"modern_industrialization:deepslate_tungsten_ore":7,"minecraft:cyan_terracotta":4,"soulsweapons:verglas_ore_deepslate":3,"things:deepslate_gleaming_ore":1,"techreborn:deepslate_tin_ore":1,"minecraft:polished_andesite_stairs":5,"minecraft:chest":1,"indrev:sulfur_crystal":8,"botania:brown_mushroom":1,"minecraft:cobblestone":107,"minecraft:white_candle":2,"minecraft:oak_planks":1,"powah:deepslate_uraninite_ore_poor":3,"modern_industrialization:deepslate_uranium_ore":7,"techreborn:silver_ore":26,"minecraft:birch_log":1,"minecraft:smooth_stone_slab":2,"indrev:lead_ore":1,"croptopia:apricot_crop":9,"minecraft:grass":5,"minecraft:oak_log":47,"archon:earth_node":3,"modern_industrialization:salt_ore":2,"minecraft:dirt":16,"promenade:asphalt":1,"regions_unexplored:prismoss_sprout":1,"minecraft:oak_leaves":9,"minecraft:deepslate":894,"create:zinc_ore":36,"techreborn:sapphire_ore":5,"powah:deepslate_uraninite_ore":7,"minecraft:tuff":120,"minecraft:mossy_cobblestone":5,"minecraft:deepslate_diamond_ore":23,"modern_industrialization:bauxite_ore":4,"croptopia:persimmon_crop":5,"minecraft:ladder":2,"regions_unexplored:large_prismarite_cluster":1,"regions_unexplored:raw_redstone_block":1,"minecraft:hay_block":18,"minecraft:redstone_ore":6,"minecraft:furnace":3,"techreborn:lead_ore":6,"minecraft:andesite":36,"treechop:chopped_log":17,"indrev:deepslate_nikolite_ore":10,"soulsweapons:moonstone_ore_deepslate":9,"modern_industrialization:deepslate_monazite_ore":1,"minecraft:deepslate_iron_ore":73,"bewitchment:salt_ore":1,"regions_unexplored:ash_vent":2,"minecraft:stone":467,"regions_unexplored:redstone_bulb":1,"minecraft:smithing_table":2,"techreborn:deepslate_silver_ore":2,"winterly:icicle":1,"minecraft:basalt":1,"travelersbackpack:standard":1,"minecraft:crafting_table":6,"regions_unexplored:volcanic_ash":1,"modern_industrialization:lead_ore":21,"regions_unexplored:silt_dirt":5,"modern_industrialization:nickel_ore":6,"twigs:petrified_lichen":1,"minecraft:copper_ore":20,"minecraft:deepslate_gold_ore":69,"minecraft:sculk":13,"minecraft:diorite":32,"techreborn:tin_ore":45,"supplementaries:urn":26,"jewelry:deepslate_gem_vein":2,"regions_unexplored:redstone_bud":1,"techreborn:ruby_ore":6,"modern_industrialization:antimony_ore":2,"minecraft:coal_ore":176,"minecraft:zombie_head":2,"minecraft:gravel":41,"minecraft:polished_andesite":9},"minecraft:killed":{"minecraft:spider":11,"minecraft:skeleton":31,"minecraft:chicken":1,"artifacts:mimic":2,"minecraft:pig":17,"minecraft:zombie_villager":2,"minecraft:iron_golem":1,"minecraft:creeper":10,"minecraft:sheep":10,"bewitchment:owl":1,"tinyskeletons:baby_skeleton":1,"minecraft:zombie":209,"minecraft:cow":7,"graveyard:revenant":18,"fishofthieves:pondie":1,"mythicmobs:chupacabra":1,"graveyard:ghoul":5,"minecraft:bat":5,"promenade:lush_creeper":1,"minecraft:enderman":1},"minecraft:crafted":{"minecraft:smooth_stone":3,"minecraft:oak_planks":1244,"ironchests:iron_chest_upgrade":1,"minecraft:cooked_chicken":1,"minecraft:stone":3,"minecraft:bookshelf":9,"minecraft:cooked_mutton":14,"minecraft:iron_boots":1,"minecraft:chest":4,"ironchests:gold_chest_upgrade":1,"travelersbackpack:iron_tier_upgrade":1,"minecraft:emerald":100,"minecraft:cooked_porkchop":22,"minecraft:crafting_table":1,"minecraft:wooden_pickaxe":1,"travelersbackpack:standard":2,"minecraft:smithing_table":1,"minecraft:copper_ingot":13,"minecraft:birch_planks":504,"minecraft:book":8,"minecraft:iron_chestplate":1,"minecraft:paper":15,"minecraft:stick":3138,"minecraft:iron_ingot":108,"minecraft:iron_pickaxe":2,"minecraft:gold_ingot":12,"minecraft:stone_shovel":1,"minecraft:iron_nugget":9,"minecraft:diamond_hoe":8,"comforts:sleeping_bag_white":1,"minecraft:furnace":3,"minecraft:blast_furnace":1,"ironchests:blank_chest_upgrade":2,"minecraft:ladder":18,"minecraft:stone_pickaxe":17,"mcdw:pick_diamond_pickaxe_var":1,"minecraft:wheat":162,"minecraft:cooked_beef":13,"ironchests:copper_chest_upgrade":1,"minecraft:stone_axe":6,"mcdw:sword_katana":2,"minecraft:bread":54,"minecraft:air":0,"minecraft:white_bed":1,"minecraft:torch":20,"mcdw:sword_masters_katana":3,"minecraft:diamond_chestplate":1},"minecraft:custom":{"lootr:looted_stat":39,"minecraft:interact_with_crafting_table":60,"minecraft:open_barrel":82,"minecraft:leave_game":13,"minecraft:time_since_death":125089,"minecraft:damage_resisted":0,"minecraft:sprint_one_cm":490120,"minecraft:damage_blocked_by_shield":2283,"minecraft:drop":83,"minecraft:talked_to_villager":81,"minecraft:play_time":368276,"minecraft:deaths":2,"minecraft:jump":3222,"minecraft:walk_on_water_one_cm":57107,"minecraft:interact_with_furnace":28,"minecraft:traded_with_villager":114,"minecraft:interact_with_cartography_table":2,"minecraft:sleep_in_bed":5,"minecraft:damage_dealt":61840,"minecraft:crouch_one_cm":212821,"minecraft:interact_with_smoker":16,"minecraft:interact_with_smithing_table":8,"minecraft:mob_kills":338,"minecraft:damage_dealt_resisted":9878,"minecraft:climb_one_cm":41336,"minecraft:walk_one_cm":786518,"minecraft:sneak_time":76979,"minecraft:walk_under_water_one_cm":72380,"minecraft:interact_with_blast_furnace":16,"minecraft:total_world_time":368276,"minecraft:hex":0,"minecraft:time_since_rest":6299,"minecraft:damage_taken":6916,"minecraft:damage_absorbed":40,"minecraft:swim_one_cm":50046,"minecraft:fly_one_cm":529980,"minecraft:open_chest":60,"minecraft:threat":18,"minecraft:fall_one_cm":80206},"minecraft:used":{"minecraft:ladder":17,"minecraft:chest":4,"minecraft:shield":37,"ironchests:iron_chest_upgrade":1,"minecraft:iron_sword":194,"simplyswords:gold_warglaive":2,"minecraft:white_candle":4,"travelersbackpack:hay":10,"minecraft:tuff":5,"minecraft:cyan_terracotta":2,"minecraft:birch_sapling":12,"simplyswords:iron_longsword":213,"regions_unexplored:ash_vent":2,"minecraft:bow":5,"minecraft:oak_sapling":65,"minecraft:furnace":4,"minecraft:skeleton_skull":1,"regions_unexplored:volcanic_ash":1,"minecraft:diorite":15,"minecraft:stone_pickaxe":892,"minecraft:wooden_pickaxe":8,"minecraft:diamond_axe":188,"minecraft:golden_apple":1,"minecraft:blast_furnace":1,"mcdw:sword_masters_katana":1093,"minecraft:bread":42,"minecraft:gravel":20,"minecraft:smithing_table":3,"minecraft:andesite":27,"minecraft:smooth_stone_slab":1,"minecraft:experience_bottle":6,"minecraft:stone_sword":130,"mcdw:pick_diamond_pickaxe_var":1347,"minecraft:stone_shovel":37,"minecraft:cooked_chicken":1,"promenade:asphalt":1,"minecraft:torch":40,"minecraft:dirt":4,"techreborn:deepslate_galena_ore":2,"minecraft:granite":12,"minecraft:oak_stairs":1,"minecraft:barrel":2,"minecraft:cooked_beef":13,"minecraft:cobbled_deepslate":116,"minecraft:cooked_mutton":14,"minecraft:cobblestone_stairs":2,"minecraft:polished_andesite":8,"ironchests:gold_chest_upgrade":1,"minecraft:mossy_cobblestone":1,"minecraft:crafting_table":7,"minecraft:white_bed":1,"bosses_of_mass_destruction:soul_star":1,"ironchests:copper_chest_upgrade":1,"minecraft:iron_pickaxe":400,"mcdw:sword_katana":41,"simplyswords:livyatan":312,"minecraft:stone_axe":61,"minecraft:cobblestone":426,"travelersbackpack:standard":2,"minecraft:cooked_porkchop":23,"minecraft:smooth_stone":17}},"DataVersion":3465}